Event,Market,Market Type,Selection,Country,Event Type,Competition,Bookie,Event Day,Customer currency,Nr of Bets,Stake,Customer turnover,Customer price adjusted turnover,Customer P/L,ROI
1.FC Bocholt vs. FC Schalke 04 II,Football,ah,away,Germany,normal,Germany Regionalliga West,pin88,2022-11-05,units,1,1.0330578512396695,1.0330578512396695,,-1.0330578512396695,-1.0
AC Omonia vs. APK Karmiotissa,Football,ah,home,Cyprus,normal,Cyprus Division 1 (Cyta Championship),pin88,2022-12-05,units,1,2.0640495867768593,2.0640495867768593,,2.00103305785124,0.9694694694694695
AC Omonia vs. APK Karmiotissa,Football,ah,home,Cyprus,normal,Cyprus Division 1 (Cyta Championship),sharp,2022-12-05,units,1,0.5144628099173554,0.5144628099173554,,0.5247933884297521,1.0200803212851406
AC Pistoiese vs. Correggese Calcio,Football,ahou,over,Italy,normal,Italy Serie D,fair,2022-12-21,units,2,1.990702479338843,1.990702479338843,,-1.993801652892562,-1.001556824078879
AC Pistoiese vs. Correggese Calcio,Football,ahou,over,Italy,normal,Italy Serie D,ibc,2022-12-21,units,1,0.0743801652892562,0.0743801652892562,,-0.0743801652892562,-1.0
ACS Ghiroda vs. Soimii Lipova,Football,1x2,n/a,Romania,normal,Romania Division 3,fair,2022-11-04,units,1,0.487603305785124,0.487603305785124,,-0.4865702479338843,-0.9978813559322034
ACS Ghiroda vs. Soimii Lipova,Football,ah,home,Romania,normal,Romania Division 3,fair,2022-11-04,units,2,1.0330578512396695,1.0330578512396695,,-1.0330578512396695,-1.0
ACSO Filiasi vs. ACS Progresul Ezeris,Football,ahou,over,Romania,normal,Romania Division 3,fair,2022-11-04,units,2,5.162190082644628,5.162190082644628,,4.138429752066116,0.8016810086051631
ACSO Filiasi vs. CS Mureşul Deva,Football,ah,away,Romania,normal,Romania Division 3,fair,2022-11-18,units,2,5.1652892561983474,5.1652892561983474,,4.794421487603306,0.9281999999999999
ACSO Filiasi vs. CS Mureşul Deva,Football,ahou,over,Romania,normal,Romania Division 3,fair,2022-11-18,units,1,1.0330578512396695,1.0330578512396695,,-1.0330578512396695,-1.0
ACSO Filiasi vs. CS Mureşul Deva,Football,ahou,under,Romania,normal,Romania Division 3,fair,2022-11-18,units,2,5.106404958677686,5.106404958677686,,-5.107438016528926,-1.0002023062917256
ACSO Filiasi vs. CS Mureşul Deva,Football (Half Time),ou,under,Romania,normal,Romania Division 3,fair,2022-11-18,units,1,4.132231404958678,4.132231404958678,,5.328512396694215,1.2895
AD Municipal Turrialba vs. CS Cartaginés,Football,ah,away,Costa Rica,normal,Costa Rica Cup,pin88,2022-11-20,units,4,15.488636363636365,3.614669421487603,,3.9979338842975207,1.10603029436982
AD Municipal Turrialba vs. CS Cartaginés,Football,taou,over,Costa Rica,normal,Costa Rica Cup,pin88,2022-11-20,units,1,1.0330578512396695,1.0330578512396695,,-1.0330578512396695,-1.0
AEK Athens vs. Lamia FC,Football,ah,away,Greece,normal,Greece Super League,fair,2022-12-21,units,1,0.45764462809917356,0.45764462809917356,,-0.45764462809917356,-1.0
AEK Athens vs. Lamia FC,Football (Half Time),1x2,n/a,Greece,normal,Greece Super League,bdaq,2022-12-21,units,1,0.5165289256198348,0.5165289256198348,,1.3956611570247934,2.702
AEK Athens vs. Lamia FC,Football (Half Time),ah,home,Greece,normal,Greece Super League,isn,2022-12-21,units,1,1.0330578512396695,1.0330578512396695,,-1.0330578512396695,-1.0
AFC Ajax Youth vs. FC Den Bosch,Football,ah,away,Netherlands,normal,Netherlands Division 1 (Eerste Divisie/Jupiler League),fair,2022-11-14,units,1,0.8264462809917356,0.0,,0.0,
AFC Ajax Youth vs. FC Den Bosch,Football,ah,away,Netherlands,normal,Netherlands Division 1 (Eerste Divisie/Jupiler League),isn,2022-11-14,units,1,1.0330578512396695,0.0,,0.0,
AFC Ajax Youth vs. FC Den Bosch,Football,ou,under,Netherlands,normal,Netherlands Division 1 (Eerste Divisie/Jupiler League),fair,2022-11-14,units,1,2.6704545454545454,2.6704545454545454,,2.0888429752066116,0.7822050290135396
AFC Fair Play Bucurest Women vs. Banat Girls Women,Football,ah,away,Romania,normal,Romania Liga I Women,pin88,2022-11-20,units,3,11.359504132231406,11.359504132231406,,3.950413223140496,0.3477628228446708
AFC Thoubal vs. Yarkhok United FC,Football,ahou,over,India,normal,India Manipur State League,pin88,2022-11-08,units,2,4.131198347107438,4.131198347107438,,3.5557851239669422,0.8607151787946987
AFC Thoubal vs. Yarkhok United FC,Football,taou,over,India,normal,India Manipur State League,pin88,2022-11-08,units,3,3.0991735537190084,3.0991735537190084,,-1.0444214876033058,-0.33699999999999997
AG Nocerina 1910 vs. SS Cavese,Football,ah,n/a,Italy,normal,Italy Serie D,fair,2022-12-21,units,3,2.0258264462809916,2.0258264462809916,,3.71900826446281,1.8357980622131567
AGMK vs. FK Olimpik Tashkent,Football,taou,over,Uzbekistan,normal,Uzbekistan Super League,pin88,2022-11-07,units,1,1.0330578512396695,1.0330578512396695,,1.3729338842975207,1.329
APEJES Academy vs. As Fortuna Mfou,Football,ahou,under,Cameroon,normal,Cameroon Premier Division,fair,2022-11-16,units,2,5.1652892561983474,5.1652892561983474,,3.9359504132231407,0.762
APEJES Academy vs. As Fortuna Mfou,Football,ou,under,Cameroon,normal,Cameroon Premier Division,fair,2022-11-16,units,1,1.0330578512396695,1.0330578512396695,,-1.0330578512396695,-1.0
APEJES Academy vs. As Fortuna Mfou,Football,ou,under,Cameroon,normal,Cameroon Premier Division,smk,2022-11-16,units,2,4.130165289256198,4.130165289256198,,2.9235537190082646,0.7078539269634818
AS Eupen Reserves vs. KV Club Westerlo Reserves,Football,ahou,over,Belgium,normal,Belgium Reserve League 1/2,fair,2022-11-28,units,1,2.004132231404959,2.004132231404959,,1.8997933884297522,0.9479381443298969
AS Khroub U21 vs. IB Khemis El Khechna U21,Football,score,n/a,Algeria,normal,Algeria Ligue 1 U21,fair,2022-12-16,units,8,3.097107438016529,3.097107438016529,,-3.0960743801652892,-0.9996664442961974
AS Khroub U21 vs. IB Khemis El Khechna U21,Football (Half Time),1x2,n/a,Algeria,normal,Algeria Ligue 1 U21,fair,2022-12-16,units,1,0.5165289256198348,0.5165289256198348,,-0.5165289256198348,-1.0
AS Khroub Women vs. ASEAC Women,Football,ah,home,Algeria,normal,Algeria Championship Women,pin88,2022-11-25,units,2,6.195247933884297,3.0981404958677685,,-3.1012396694214877,-1.0010003334444815
AS Khroub vs. IB Khemis El Khechna,Football,ah,away,Algeria,normal,Algeria Ligue 2,fair,2022-12-27,units,1,1.0330578512396695,0.0,,0.0,
AS Khroub vs. IB Khemis El Khechna,Football,ah,home,Algeria,normal,Algeria Ligue 2,pin88,2022-12-27,units,2,4.1291322314049586,4.1291322314049586,,-4.1291322314049586,-1.0
AS Nordia Jerusalem vs. Maccabi Ironi Sderot,Football,ahou,over,Israel,normal,Israel Division 4 (Liga Bet),fair,2022-11-11,units,3,3.0165289256198347,3.0165289256198347,,2.4927685950413223,0.8263698630136986
AS Nordia Jerusalem vs. Maccabi Ironi Sderot,Football,ou,over,Israel,normal,Israel Division 4 (Liga Bet),fair,2022-11-11,units,7,6.580578512396694,6.580578512396694,,-0.246900826446281,-0.03751962323390895
AS Nordia Jerusalem vs. Maccabi Ironi Sderot,Football,taou,over,Israel,normal,Israel Division 4 (Liga Bet),pin88,2022-11-11,units,1,3.0981404958677685,3.0981404958677685,,2.2407024793388426,0.72324108036012
AS de Korofina vs. Onze Createurs de Niarela,Football,ahou,under,Mali,normal,Mali Premiere Division,pin88,2022-12-26,units,2,8.262396694214877,4.131198347107438,,3.9710743801652892,0.9612403100775193
ASD Trapani Calcio vs. AS Acireale,Football,ah,away,Italy,normal,Italy Copa Italia Serie D,ibc,2022-12-14,units,2,4.136363636363637,0.0,,0.0,
ASD Trapani Calcio vs. AS Acireale,Football,ah,away,Italy,normal,Italy Copa Italia Serie D,pin88,2022-12-14,units,1,1.0330578512396695,0.0,,0.0,
ASD Trapani Calcio vs. AS Acireale,Football,ahou,under,Italy,normal,Italy Copa Italia Serie D,ibc,2022-12-14,units,1,1.0309917355371903,0.5154958677685951,,0.5289256198347108,1.0260521042084167
AZ Alkmaar Youth vs. AFC Ajax Youth,Football,1x2,n/a,Netherlands,normal,Netherlands Division 1 (Eerste Divisie/Jupiler League),pin88,2022-11-17,units,1,1.0330578512396695,1.0330578512396695,,3.665289256198347,3.548
AZ Alkmaar Youth vs. AFC Ajax Youth,Football,ah,home,Netherlands,normal,Netherlands Division 1 (Eerste Divisie/Jupiler League),fair,2022-11-17,units,1,0.5165289256198348,0.5165289256198348,,-0.5165289256198348,-1.0
AZ Alkmaar Youth vs. AFC Ajax Youth,Football,ahou,over,Netherlands,normal,Netherlands Division 1 (Eerste Divisie/Jupiler League),isn,2022-11-17,units,1,1.0330578512396695,0.0,,0.0,
AZ Alkmaar Youth vs. AFC Ajax Youth,Football,ahou,over,Netherlands,normal,Netherlands Division 1 (Eerste Divisie/Jupiler League),sharp,2022-11-17,units,2,2.0578512396694215,0.0,,0.0,
Abahani SC (Chittagong) vs. Muktijoddha Sangsad KS,Football,1x2,n/a,Bangladesh,normal,Bangladesh Federation Cup,fair,2022-12-27,units,1,0.2066115702479339,0.2066115702479339,,0.17458677685950413,0.8450000000000001
Abahani SC (Chittagong) vs. Muktijoddha Sangsad KS,Football,ah,home,Bangladesh,normal,Bangladesh Federation Cup,molly,2022-12-27,units,1,3.0278925619834713,3.0278925619834713,,2.6322314049586777,0.8693278744455816
Abahani SC (Chittagong) vs. Muktijoddha Sangsad KS,Football,ahou,over,Bangladesh,normal,Bangladesh Federation Cup,fair,2022-12-27,units,8,2.125,2.125,,-2.1239669421487606,-0.9995138551288284
Abahani SC (Chittagong) vs. Muktijoddha Sangsad KS,Football,ahou,over,Bangladesh,normal,Bangladesh Federation Cup,pin88,2022-12-27,units,4,5.1652892561983474,4.648760330578512,,-4.648760330578512,-1.0
Abahani SC (Chittagong) vs. Muktijoddha Sangsad KS,Football,score,n/a,Bangladesh,normal,Bangladesh Federation Cup,fair,2022-12-27,units,2,2.066115702479339,2.066115702479339,,-2.066115702479339,-1.0
Abahani SC (Chittagong) vs. Muktijoddha Sangsad KS,Football (Half Time),1x2,n/a,Bangladesh,normal,Bangladesh Federation Cup,fair,2022-12-27,units,1,1.0330578512396695,1.0330578512396695,,-1.0330578512396695,-1.0
Abahani SC (Chittagong) vs. Muktijoddha Sangsad KS,Football (Half Time),ou,over,Bangladesh,normal,Bangladesh Federation Cup,fair,2022-12-27,units,1,1.0268595041322315,1.0268595041322315,,-1.0278925619834711,-1.0010060362173039
Abergavenny Town vs. Cwmbran Celtic FC,Football,ah,away,Wales,normal,Wales FAW Championship South & Mid,pin88,2022-12-27,units,1,3.0981404958677685,3.0981404958677685,,2.535123966942149,0.818272757585862
Aberystwyth Town Women vs. Barry Town Women,Football,ah,away,Wales,normal,Wales Premier League Women,pin88,2022-11-13,units,3,7.744834710743802,4.6477272727272725,,4.072314049586777,0.8761947099355413
Aberystwyth Town Women vs. Barry Town Women,Football,ah,home,Wales,normal,Wales Premier League Women,pin88,2022-11-13,units,1,4.131198347107438,4.131198347107438,,-4.131198347107438,-1.0
Aberystwyth Town Women vs. Barry Town Women,Football,ahou,over,Wales,normal,Wales Premier League Women,pin88,2022-11-13,units,1,3.0960743801652892,3.0960743801652892,,-3.0960743801652892,-1.0
Adama City vs. Legetafo Legedadi,Football,ah,home,Ethiopia,normal,Ethiopia Premier League,pin88,2022-12-06,units,1,5.681818181818182,5.681818181818182,,4.806818181818182,0.846
Adama City vs. Legetafo Legedadi,Football,taou,under,Ethiopia,normal,Ethiopia Premier League,pin88,2022-12-06,units,1,1.8636363636363635,1.8636363636363635,,1.0320247933884297,0.553769401330377
Adana Idmanyurduspor Women vs. Amed SK Women,Football (Half Time),ah,away,Turkey,normal,Turkey 1. Ligi Women,ibc,2022-12-18,units,1,2.0619834710743805,1.0309917355371903,,-1.0309917355371903,-1.0
Adelaide United FC vs. Newcastle Jets,Football,ah,away,Australia,normal,Australia A-League,pin88,2022-12-27,units,1,2.066115702479339,0.0,,0.0,
Afrique Football Elite vs. US Bougouni,Football,ahou,under,Mali,normal,Mali Premiere Division,fair,2022-12-16,units,2,6.198347107438017,6.198347107438017,,5.424586776859504,0.8751666666666666
Afrique Football Elite vs. US Bougouni,Football,taou,over,Mali,normal,Mali Premiere Division,pin88,2022-12-16,units,7,7.231404958677686,7.231404958677686,,-7.231404958677686,-1.0
Agudat Sport Ashdod FC vs. Maccabi Petah Tikva FC,Football,ou,under,Israel,normal,"Israel Division 2 (Liga Leumit, National League)",fair,2022-11-11,units,2,1.0309917355371903,1.0309917355371903,,0.987603305785124,0.9579158316633266
Ahi Acre vs. Maccabi Bnei Jadeidi-Makr,Football,ah,away,Israel,normal,Israel Division 4 (Liga Bet),fair,2022-12-17,units,1,1.0330578512396695,1.0330578512396695,,-1.0330578512396695,-1.0
Ahi Acre vs. Maccabi Bnei Jadeidi-Makr,Football,ah,home,Israel,normal,Israel Division 4 (Liga Bet),pin88,2022-12-17,units,2,6.191115702479339,1.5475206611570247,,-1.5506198347107438,-1.0020026702269693
Ahi Acre vs. Maccabi Bnei Jadeidi-Makr,Football,ah,n/a,Israel,normal,Israel Division 4 (Liga Bet),fair,2022-12-17,units,5,0.45454545454545453,0.45454545454545453,,-0.4555785123966942,-1.0022727272727274
Ahi Acre vs. Maccabi Bnei Jadeidi-Makr,Football,ahou,over,Israel,normal,Israel Division 4 (Liga Bet),fair,2022-12-17,units,4,0.5134297520661157,0.2572314049586777,,-0.26342975206611574,-1.0240963855421688
Aizawl FC vs. NEROCA FC,Football,ah,home,India,normal,India I-League Division 1,ibc,2022-12-08,units,1,5.167355371900826,5.167355371900826,,4.476239669421488,0.8662534986005598
Aizawl FC vs. NEROCA FC,Football,ahou,under,India,normal,India I-League Division 1,ibc,2022-12-08,units,1,3.1053719008264467,0.0,,0.0,
Aizawl FC vs. NEROCA FC,Football (Half Time),1x2,n/a,India,normal,India I-League Division 1,ibc,2022-12-08,units,1,1.0309917355371903,1.0309917355371903,,-1.0309917355371903,-1.0
Aizawl FC vs. Sudeva Delhi FC,Football,1x2,n/a,India,normal,India I-League Division 1,ibc,2022-11-21,units,1,0.8078512396694215,0.8078512396694215,,0.8522727272727273,1.0549872122762147
Aizawl FC vs. Sudeva Delhi FC,Football,ah,home,India,normal,India I-League Division 1,ibc,2022-11-21,units,2,4.123966942148761,4.123966942148761,,4.128099173553719,1.0010020040080159
Aizawl FC vs. Sudeva Delhi FC,Football,ahou,under,India,normal,India I-League Division 1,ibc,2022-11-21,units,1,5.167355371900826,2.583677685950413,,-2.583677685950413,-1.0
Aizawl FC vs. Sudeva Delhi FC,Football (Half Time),1x2,n/a,India,normal,India I-League Division 1,ibc,2022-11-21,units,1,0.5216942148760331,0.5216942148760331,,-0.5216942148760331,-1.0
Akhisar Belediye GS vs. 68 Yeni Aksarayspor Kulubu,Football,ah,away,Turkey,normal,Turkey TFF 3. Lig,fair,2022-11-23,units,2,4.1291322314049586,2.065082644628099,,-2.066115702479339,-1.0005002501250626
Al Ahli (BHR) vs. Al-Shabbab Manama,Football,1x2,n/a,Bahrain,normal,Bahrain Premier League,pin88,2022-12-15,units,1,1.0330578512396695,1.0330578512396695,,-1.0330578512396695,-1.0
Al Akhdoud vs. Al Kholood,Football,ah,home,Saudi Arabia,normal,Saudi Arabia Division 1,pin88,2022-12-27,units,1,5.1652892561983474,2.5826446280991737,,2.6611570247933884,1.0304
Al Arabi (KSA) vs. Al Ahli SC (KSA),Football,ah,home,Saudi Arabia,normal,Saudi Arabia Division 1,pin88,2022-12-27,units,3,7.228305785123967,0.0,,0.0,
Al Dhafra vs. Baynounah,Football,ahou,over,United Arab Emirates,normal,UAE President Cup,pin88,2022-12-06,units,1,1.0330578512396695,0.5165289256198348,,-0.5165289256198348,-1.0
Al Dhafra vs. Baynounah,Football,taou,over,United Arab Emirates,normal,UAE President Cup,pin88,2022-12-06,units,1,1.0330578512396695,1.0330578512396695,,-1.0330578512396695,-1.0
Al Dhafra vs. Baynounah,Football (Half Time),ah,home,United Arab Emirates,normal,UAE President Cup,pin88,2022-12-06,units,1,1.0330578512396695,0.0,,0.0,
Al Ittihad Kalba (UAE) vs. Al Sharjah,Football,ahou,over,United Arab Emirates,normal,UAE Arabian Gulf League,pin88,2022-12-20,units,1,1.0330578512396695,1.0330578512396695,,0.9638429752066116,0.9329999999999999
Al Ittihad Kalba (UAE) vs. Al Sharjah,Football,taou,over,United Arab Emirates,normal,UAE Arabian Gulf League,pin88,2022-12-20,units,1,1.0330578512396695,1.0330578512396695,,-1.0330578512396695,-1.0
Al Ittihad Kalba (UAE) vs. Al Thaid,Football,ah,away,United Arab Emirates,normal,UAE President Cup,ibc,2022-12-07,units,2,3.229338842975207,1.6146694214876034,,1.2851239669421488,0.7959053103007038
Al Madina Al Monawara SC vs. Telephonaat Bani Suweif FC,Football,1x2,n/a,Egypt,normal,Egypt Division 2 B,fair,2022-12-08,units,1,0.5165289256198348,0.5165289256198348,,-0.5165289256198348,-1.0
Al Madina Al Monawara SC vs. Telephonaat Bani Suweif FC,Football,ah,away,Egypt,normal,Egypt Division 2 B,ibc,2022-12-08,units,1,2.0619834710743805,2.0619834710743805,,-2.0619834710743805,-1.0
Al Madina Al Monawara SC vs. Telephonaat Bani Suweif FC,Football (Half Time),ah,home,Egypt,normal,Egypt Division 2 B,ibc,2022-12-08,units,4,8.260330578512397,4.136363636363637,,3.706611570247934,0.8961038961038961
Al Masry Club vs. Al Mokawloon Al Arab,Football,ahou,under,Egypt,normal,Egypt Premier League,bdaq,2022-12-21,units,2,3.1002066115702482,3.1002066115702482,,-3.1002066115702482,-1.0
Al Masry Club vs. National Bank,Football,1x2,n/a,Egypt,normal,Egypt Premier League,bdaq,2022-12-06,units,1,1.0330578512396695,1.0330578512396695,,-1.0330578512396695,-1.0
Al Masry Club vs. National Bank,Football,1x2,n/a,Egypt,normal,Egypt Premier League,smk,2022-12-06,units,2,1.8254132231404958,1.8254132231404958,,-1.8254132231404958,-1.0
Al Masry Club vs. National Bank,Football,ah,n/a,Egypt,normal,Egypt Premier League,fair,2022-12-06,units,2,1.2479338842975207,0.7438016528925621,,-0.7417355371900827,-0.9972222222222221
Al Masry Club vs. National Bank,Football,ahou,over,Egypt,normal,Egypt Premier League,fair,2022-12-06,units,5,6.1559917355371905,6.1559917355371905,,-6.1559917355371905,-1.0
Al Masry Club vs. National Bank,Football (Corners),ah,home,Egypt,normal,Egypt Premier League,pin88,2022-12-06,units,1,2.066115702479339,2.066115702479339,,-2.066115702479339,-1.0
Al Oruba (UAE) vs. Khor Fakkan (UAE),Football,ah,away,United Arab Emirates,normal,UAE President Cup,ibc,2022-12-08,units,3,1.93801652892562,1.93801652892562,,2.0175619834710745,1.041044776119403
Al Oruba (UAE) vs. Khor Fakkan (UAE),Football,ah,away,United Arab Emirates,normal,UAE President Cup,pin88,2022-12-08,units,1,1.159090909090909,1.159090909090909,,1.2272727272727273,1.058823529411765
Al Ramms Mirbih vs. Dubai City,Football,1x2,n/a,United Arab Emirates,normal,UAE Division 1,ibc,2022-12-16,units,5,2.0619834710743805,2.0619834710743805,,-2.0619834710743805,-1.0
Al Tora vs. Al Arabi (JOR),Football,taou,under,Jordan,normal,Jordan Division 1,pin88,2022-11-07,units,2,4.128099173553719,4.128099173553719,,2.912190082644628,0.7054554554554554
Al Wahda FC (UAE) vs. Al Ain FC (UAE),Football,score,n/a,United Arab Emirates,normal,UAE League Cup,ibc,2022-12-16,units,1,1.0309917355371903,1.0309917355371903,,1.5103305785123968,1.464929859719439
Al Wahda FC (UAE) vs. Al Ain FC (UAE),Football,taou,over,United Arab Emirates,normal,UAE League Cup,pin88,2022-12-16,units,1,1.0330578512396695,1.0330578512396695,,1.5795454545454546,1.529
Al Wahda FC (UAE) vs. Khor Fakkan (UAE),Football,1x2,n/a,United Arab Emirates,normal,UAE Arabian Gulf League,fair,2022-12-20,units,1,7.231404958677686,7.231404958677686,,-7.231404958677686,-1.0
Al Wahda FC (UAE) vs. Khor Fakkan (UAE),Football,ah,away,United Arab Emirates,normal,UAE Arabian Gulf League,pin88,2022-12-20,units,1,1.0330578512396695,1.0330578512396695,,-1.0330578512396695,-1.0
Al Wahda FC (UAE) vs. Khor Fakkan (UAE),Football,ah,home,United Arab Emirates,normal,UAE Arabian Gulf League,ibc,2022-12-20,units,1,0.13636363636363635,0.06818181818181818,,0.056818181818181816,0.8333333333333333
Al Wahda FC (UAE) vs. Khor Fakkan (UAE),Football,ah,home,United Arab Emirates,normal,UAE Arabian Gulf League,isn,2022-12-20,units,2,7.097107438016529,3.5485537190082646,,2.9442148760330578,0.8296943231441049
Al-Majd vs. Abo Qir Semad,Football,ah,away,Egypt,normal,Egypt Division 2 B,ibc,2022-12-14,units,1,2.0619834710743805,2.0619834710743805,,2.4648760330578514,1.1953907815631262
Alamos FC vs. Escorpiones FC,Football,ahou,over,Mexico,normal,Mexico Liga TDP,pin88,2022-11-20,units,1,2.0640495867768593,2.0640495867768593,,1.7613636363636365,0.8533533533533534
Alamos FC vs. Escorpiones FC,Football,ahou,under,Mexico,normal,Mexico Liga TDP,pin88,2022-11-20,units,2,9.293388429752067,9.293388429752067,,-9.293388429752067,-1.0
Alamos FC vs. Escorpiones FC,Football,taou,over,Mexico,normal,Mexico Liga TDP,pin88,2022-11-20,units,2,11.362603305785125,11.362603305785125,,17.920454545454543,1.5771433766706062
Alanyaspor U19 vs. Goztepe U19,Football,ahou,over,Turkey,normal,Turkey Elite League U19,ibc,2022-12-17,units,1,3.1053719008264467,1.5526859504132233,,1.4380165289256197,0.9261477045908183
Alanyaspor vs. Eyupspor,Football,ah,home,Turkey,normal,Turkey Cup (Fortis Cup),ibc,2022-12-21,units,1,0.12396694214876033,0.06198347107438017,,0.06404958677685951,1.0333333333333334
Alanyaspor vs. Eyupspor,Football,ah,home,Turkey,normal,Turkey Cup (Fortis Cup),isn,2022-12-21,units,1,3.0485537190082646,1.5247933884297522,,1.5743801652892562,1.032520325203252
Alanyaspor vs. Eyupspor,Football,ah,n/a,Turkey,normal,Turkey Cup (Fortis Cup),fair,2022-12-21,units,1,1.0320247933884297,0.5165289256198348,,0.49586776859504134,0.9600000000000001
Alanyaspor vs. Eyupspor,Football (Half Time Corners),1x2,n/a,Turkey,normal,Turkey Cup (Fortis Cup),pin88,2022-12-21,units,1,1.0330578512396695,1.0330578512396695,,0.8739669421487604,0.846
Albinoleffe U19 vs. SPAL 2013 U19,Football (Half Time),ah,home,Italy,normal,Italy Campionato Primavera 2 U19,ibc,2022-12-10,units,1,1.0309917355371903,0.0,,0.0,
Albinoleffe U19 vs. SPAL 2013 U19,Football (Half Time),ah,home,Italy,normal,Italy Campionato Primavera 2 U19,pin88,2022-12-10,units,1,3.0981404958677685,0.0,,0.0,
Albirex Niigata FC (SIN) vs. Balestier Khalsa FC,Football,ahou,over,Singapore,normal,Singapore Cup,bdaq,2022-11-18,units,1,4.132231404958678,4.132231404958678,,4.044421487603306,0.97875
Aluminium Nag Hammâdi vs. Tamiya Youth Center,Football,ah,home,Egypt,normal,Egypt Division 2 B,pin88,2022-11-24,units,1,2.066115702479339,2.066115702479339,,1.9855371900826446,0.961
Amora FC Women vs. Valadares Gaia FC Women,Football,1x2,n/a,Portugal,normal,Portugal Cup Women,fair,2022-11-27,units,2,1.0330578512396695,1.0330578512396695,,-1.0330578512396695,-1.0
Amora FC Women vs. Valadares Gaia FC Women,Football,ahou,over,Portugal,normal,Portugal Cup Women,fair,2022-11-27,units,2,2.035123966942149,2.035123966942149,,1.702479338842975,0.8365482233502537
Amora FC Women vs. Valadares Gaia FC Women,Football,ahou,over,Portugal,normal,Portugal Cup Women,pin88,2022-11-27,units,1,1.0330578512396695,1.0330578512396695,,-1.0330578512396695,-1.0
Amora FC Women vs. Valadares Gaia FC Women,Football,ou,over,Portugal,normal,Portugal Cup Women,fair,2022-11-27,units,6,0.5134297520661157,0.5134297520661157,,-0.509297520661157,-0.9919517102615694
Amora FC Women vs. Valadares Gaia FC Women,Football,taou,over,Portugal,normal,Portugal Cup Women,pin88,2022-11-27,units,3,3.0991735537190084,3.0991735537190084,,-3.0991735537190084,-1.0
Andhra Pradesh State vs. Mizoram,Football,ah,away,India,normal,India Santosh Trophy,pin88,2022-12-27,units,3,4.130165289256198,1.0320247933884297,,-1.0340909090909092,-1.0020020020020022
Andhra Pradesh State vs. Mizoram,Football (Half Time),ah,away,India,normal,India Santosh Trophy,pin88,2022-12-27,units,2,8.259297520661157,0.0,,0.0,
Apollon Pontou FC vs. Apollon Larisas FC,Football,ahou,under,Greece,normal,Greece Super League 2,molly,2022-12-05,units,1,2.9442148760330578,2.9442148760330578,,2.8181818181818183,0.9571929824561404
Apollon Pontou FC vs. Apollon Larisas FC,Football,ou,under,Greece,normal,Greece Super League 2,fair,2022-12-05,units,3,5.15599173553719,5.15599173553719,,4.9400826446281,0.958124624323783
Apollon Pontou FC vs. Apollon Larisas FC,Football (Half Time),1x2,n/a,Greece,normal,Greece Super League 2,fair,2022-12-05,units,4,8.264462809917356,8.264462809917356,,-8.264462809917356,-1.0
Apollon Pontou FC vs. Apollon Larisas FC,Football (Half Time),ahou,under,Greece,normal,Greece Super League 2,pin88,2022-12-05,units,1,5.1652892561983474,5.1652892561983474,,5.366735537190083,1.039
Ararat Armenia vs. Lernayin Artsakh FC,Football,ah,home,Armenia,normal,Armenia Premier League,ibc,2022-12-09,units,1,1.0309917355371903,0.5154958677685951,,0.49276859504132237,0.9559118236472945
Argentina vs. Saudi Arabia,Football,ahou,over,International world cup,normal,FIFA World Cup,fair,2022-11-22,units,1,6.1466942148760335,3.0733471074380168,,2.3481404958677685,0.7640336134453781
Argentina vs. Saudi Arabia,Football,taou,over,International world cup,normal,FIFA World Cup,pin88,2022-11-22,units,2,3.0991735537190084,3.0991735537190084,,-3.0991735537190084,-1.0
Argentina vs. Saudi Arabia,Football (Half Time),ah,home,International world cup,normal,FIFA World Cup,sharp,2022-11-22,units,1,0.5165289256198348,0.5165289256198348,,-0.5165289256198348,-1.0
Arka Gdynia U19 vs. MKS Cracovia Kraków U19,Football,ah,home,Poland,normal,Poland Central Junior League U19,fair,2022-11-17,units,2,2.066115702479339,2.066115702479339,,1.896694214876033,0.9179999999999999
Arka Gdynia U19 vs. MKS Cracovia Kraków U19,Football,ah,n/a,Poland,normal,Poland Central Junior League U19,fair,2022-11-17,units,1,4.1291322314049586,4.1291322314049586,,3.5382231404958677,0.8568926695021266
Arka Gdynia U19 vs. MKS Cracovia Kraków U19,Football (Half Time),1x2,n/a,Poland,normal,Poland Central Junior League U19,fair,2022-11-17,units,1,2.066115702479339,2.066115702479339,,-2.066115702479339,-1.0
Atlético Carcarañá vs. Club Sportivo Rivadavia Venado Tuerto,Football,taou,over,Argentina,normal,Argentina Torneo Regional Federal Amateur,pin88,2022-12-04,units,2,3.097107438016529,3.097107438016529,,-3.097107438016529,-1.0
Atlético Madrid Women vs. FC Barcelona Women,Football,ah,home,Spain,normal,Spain Primera Division Women,pin88,2022-11-27,units,3,7.229338842975206,7.229338842975206,,-7.229338842975206,-1.0
Atlético Madrid Women vs. FC Barcelona Women,Football (Corners),1x2,n/a,Spain,normal,Spain Primera Division Women,pin88,2022-11-27,units,1,1.0330578512396695,1.0330578512396695,,-1.0330578512396695,-1.0
Atlético Madrid Women vs. FC Barcelona Women,Football (Half Time),1x2,n/a,Spain,normal,Spain Primera Division Women,fair,2022-11-27,units,1,0.4132231404958678,0.4132231404958678,,-0.4132231404958678,-1.0
Australia Women vs. Thailand Women,Football,ah,home,International,normal,International Friendly Women,isn,2022-11-15,units,2,6.116735537190083,6.116735537190083,,-6.116735537190083,-1.0
Australia Women vs. Thailand Women,Football,ah,n/a,International,normal,International Friendly Women,fair,2022-11-15,units,1,2.065082644628099,2.065082644628099,,-2.065082644628099,-1.0
Australia Women vs. Thailand Women,Football,ahou,over,International,normal,International Friendly Women,fair,2022-11-15,units,2,6.184917355371901,6.184917355371901,,-6.184917355371901,-1.0
Australia Women vs. Thailand Women,Football,ahou,under,International,normal,International Friendly Women,fair,2022-11-15,units,2,4.169421487603306,4.169421487603306,,4.036157024793388,0.968037661050545
Australia Women vs. Thailand Women,Football,ahou,under,International,normal,International Friendly Women,isn,2022-11-15,units,2,9.693181818181818,9.693181818181818,,7.804752066115703,0.8051795800916551
Australia Women vs. Thailand Women,Football,ahou,under,International,normal,International Friendly Women,sharp,2022-11-15,units,3,4.132231404958678,4.132231404958678,,3.772727272727273,0.913
Ayr United FC vs. Pollok FC,Football,ah,home,Scotland,normal,Scotland FA Cup,fair,2022-11-28,units,2,1.0309917355371903,0.0,,0.0,
Ayutthaya United FC vs. Samut Prakan City FC,Football,1x2,n/a,Thailand,normal,Thailand League 2,fair,2022-11-06,units,1,1.0330578512396695,1.0330578512396695,,-1.0330578512396695,-1.0
BFF Academy vs. Ugyen Academy,Football,ah,home,Bhutan,normal,Bhutan Thimphu Premier League,pin88,2022-11-29,units,1,6.195247933884297,6.195247933884297,,5.110537190082645,0.824912456228114
Baladiyyat Al Mehalla vs. El Mansoura,Football (Half Time),1x2,n/a,Egypt,normal,Egypt Division 2 A,fair,2022-11-30,units,1,1.0330578512396695,1.0330578512396695,,-1.0330578512396695,-1.0
Bali United Pusam vs. Bhayangkara Surabaya United,Football,taou,over,Indonesia,normal,Indonesia Liga 1,pin88,2022-12-08,units,1,1.0330578512396695,1.0330578512396695,,-1.0330578512396695,-1.0
Bali United Pusam vs. Pusamania Borneo FC,Football,ahou,over,Indonesia,normal,Indonesia Liga 1,isn,2022-12-15,units,2,3.0991735537190084,2.066115702479339,,2.010330578512397,0.9730000000000001
Bali United Pusam vs. Pusamania Borneo FC,Football,ahou,over,Indonesia,normal,Indonesia Liga 1,sharp,2022-12-15,units,1,1.0289256198347108,0.5144628099173554,,0.5010330578512397,0.9738955823293174
Bali United Pusam vs. Pusamania Borneo FC,Football,ou,over,Indonesia,normal,Indonesia Liga 1,fair,2022-12-15,units,2,2.066115702479339,2.066115702479339,,1.8667355371900827,0.9035
Bangalore Dream United vs. FC Bengaluru United,Football,ah,away,India,normal,India Bangalore Super Division,pin88,2022-11-07,units,3,7.226239669421488,1.0320247933884297,,0.7716942148760331,0.7477477477477478
Bangalore Dream United vs. FC Bengaluru United,Football,ou,over,India,normal,India Bangalore Super Division,fair,2022-11-07,units,1,2.0444214876033056,2.0444214876033056,,2.0588842975206614,1.0070742799393633
Bangalore Eagles vs. Rebels FC,Football (Half Time),ah,home,India,normal,India Bangalore Super Division,ibc,2022-12-01,units,1,2.6208677685950414,2.6208677685950414,,1.9824380165289257,0.7564052029956642
Bangalore Eagles vs. Rebels FC,Football (Half Time),ah,home,India,normal,India Bangalore Super Division,pin88,2022-12-01,units,1,2.0640495867768593,2.0640495867768593,,1.8068181818181819,0.8753753753753754
Bangalore Independents vs. ASC,Football,ah,away,India,normal,India Bangalore Super Division,pin88,2022-11-11,units,1,3.0960743801652892,3.0960743801652892,,-3.0960743801652892,-1.0
Bangalore Independents vs. FC Deccan,Football,ah,away,India,normal,India Bangalore Super Division,fair,2022-12-06,units,1,2.066115702479339,2.066115702479339,,1.6353305785123968,0.7915
Bangalore Independents vs. FC Deccan,Football,ah,home,India,normal,India Bangalore Super Division,fair,2022-12-06,units,1,1.0330578512396695,1.0330578512396695,,-1.0330578512396695,-1.0
Bangalore Independents vs. FC Deccan,Football,ah,n/a,India,normal,India Bangalore Super Division,fair,2022-12-06,units,2,3.615702479338843,3.615702479338843,,-0.8047520661157025,-0.2225714285714286
Bangalore Independents vs. FC Deccan,Football,ahou,under,India,normal,India Bangalore Super Division,fair,2022-12-06,units,1,0.5154958677685951,0.5154958677685951,,0.4834710743801653,0.937875751503006
Bangalore Independents vs. FC Deccan,Football,ou,under,India,normal,India Bangalore Super Division,fair,2022-12-06,units,1,1.0309917355371903,1.0309917355371903,,1.0712809917355373,1.0390781563126252
Bangalore Independents vs. FC Deccan,Football (Half Time),1x2,n/a,India,normal,India Bangalore Super Division,fair,2022-12-06,units,4,1.6518595041322315,1.6518595041322315,,3.025826446280992,1.8317698561601001
Bangalore Independents vs. FC Deccan,Football (Half Time),ou,under,India,normal,India Bangalore Super Division,fair,2022-12-06,units,1,0.8212809917355373,0.8212809917355373,,0.7861570247933884,0.9572327044025156
Bashundhara Kings vs. Abahani SC (Chittagong),Football,ah,away,Bangladesh,normal,Bangladesh Independence Cup,ibc,2022-11-22,units,1,6.198347107438017,6.198347107438017,,-6.198347107438017,-1.0
Bashundhara Kings vs. Abahani SC (Chittagong),Football,ah,home,Bangladesh,normal,Bangladesh Independence Cup,ibc,2022-11-22,units,4,6.198347107438017,6.198347107438017,,4.821280991735537,0.7778333333333333
Bashundhara Kings vs. Abahani SC (Chittagong),Football,ahou,over,Bangladesh,normal,Bangladesh Independence Cup,ibc,2022-11-22,units,1,3.1053719008264467,3.1053719008264467,,-3.1053719008264467,-1.0
Bashundhara Kings vs. Abahani SC (Chittagong),Football (Half Time),1x2,n/a,Bangladesh,normal,Bangladesh Independence Cup,ibc,2022-11-22,units,1,0.3109504132231405,0.3109504132231405,,-0.3109504132231405,-1.0
Bashundhara Kings vs. Azampur FC Uttara,Football,ahou,over,Bangladesh,normal,Bangladesh Premier League,fair,2022-12-09,units,1,1.0330578512396695,1.0330578512396695,,-1.0330578512396695,-1.0
Bashundhara Kings vs. Azampur FC Uttara,Football,ahou,under,Bangladesh,normal,Bangladesh Premier League,ibc,2022-12-09,units,2,6.981404958677686,6.981404958677686,,6.426652892561983,0.9205386208937555
Bashundhara Kings vs. Fortis FC Limited,Football,ah,away,Bangladesh,normal,Bangladesh Federation Cup,pin88,2022-12-27,units,1,2.0640495867768593,2.0640495867768593,,-2.0640495867768593,-1.0
Bashundhara Kings vs. Fortis FC Limited,Football,ah,home,Bangladesh,normal,Bangladesh Federation Cup,fair,2022-12-27,units,1,2.479338842975207,2.479338842975207,,2.1291322314049586,0.85875
Bashundhara Kings vs. Fortis FC Limited,Football,ah,home,Bangladesh,normal,Bangladesh Federation Cup,pin88,2022-12-27,units,2,3.0991735537190084,3.0991735537190084,,2.965909090909091,0.957
Bashundhara Kings vs. Fortis FC Limited,Football,ah,n/a,Bangladesh,normal,Bangladesh Federation Cup,fair,2022-12-27,units,4,10.319214876033058,10.319214876033058,,1.1962809917355373,0.11592752027229954
Bashundhara Kings vs. Fortis FC Limited,Football,ahou,over,Bangladesh,normal,Bangladesh Federation Cup,fair,2022-12-27,units,1,0.5165289256198348,0.5165289256198348,,-0.5165289256198348,-1.0
Bashundhara Kings vs. Fortis FC Limited,Football,ahou,under,Bangladesh,normal,Bangladesh Federation Cup,pin88,2022-12-27,units,1,2.0640495867768593,1.0320247933884297,,0.8894628099173554,0.8618618618618619
Bashundhara Kings vs. Fortis FC Limited,Football,ou,under,Bangladesh,normal,Bangladesh Federation Cup,fair,2022-12-27,units,2,0.5805785123966942,0.5805785123966942,,0.5609504132231404,0.9661921708185053
Bashundhara Kings vs. Fortis FC Limited,Football,taou,over,Bangladesh,normal,Bangladesh Federation Cup,pin88,2022-12-27,units,5,6.198347107438017,6.198347107438017,,5.210743801652892,0.8406666666666667
Bashundhara Kings vs. Fortis FC Limited,Football (Half Time),ah,away,Bangladesh,normal,Bangladesh Federation Cup,pin88,2022-12-27,units,2,2.066115702479339,0.0,,0.0,
Bayrampasa vs. Gümüşhanespor,Football,ah,n/a,Turkey,normal,Turkey TFF 3. Lig,fair,2022-11-12,units,1,3.0981404958677685,1.5495867768595042,,-1.5495867768595042,-1.0
Becamex Binh Duong FC U21 vs. Tien Giang FC U21,Football,ah,home,Vietnam,normal,Vietnam Championship U21,pin88,2022-11-16,units,2,10.326446280991735,10.326446280991735,,8.694214876033058,0.8419367747098839
Beijing BIT vs. Qingdao Hainiu,Football,ahou,over,China,normal,China Division 1 (Jia League),sharp,2022-11-21,units,1,6.195247933884297,6.195247933884297,,-6.195247933884297,-1.0
Beijing BIT vs. Qingdao Hainiu,Football,ahou,under,China,normal,China Division 1 (Jia League),fair,2022-11-21,units,1,4.072314049586777,4.072314049586777,,3.315082644628099,0.8140537798072044
Beijing BIT vs. Qingdao Hainiu,Football,ahou,under,China,normal,China Division 1 (Jia League),pin88,2022-11-21,units,1,6.712809917355372,6.712809917355372,,5.632231404958678,0.8390273930440135
Beijing BIT vs. Qingdao Hainiu,Football (Half Time),ahou,over,China,normal,China Division 1 (Jia League),pin88,2022-11-21,units,1,3.0981404958677685,0.0,,0.0,
Beijing Guoan FC vs. Dalian Pro FC,Football,ah,n/a,China,normal,China Super League,fair,2022-12-05,units,1,0.04648760330578513,0.0,,0.0,
Beijing Guoan FC vs. Dalian Pro FC,Football (Corners),ah,home,China,normal,China Super League,pin88,2022-12-05,units,1,1.0330578512396695,1.0330578512396695,,-1.0330578512396695,-1.0
Beijing Guoan FC vs. Dalian Pro FC,Football (Corners),ahou,over,China,normal,China Super League,pin88,2022-12-05,units,2,3.0991735537190084,3.0991735537190084,,-3.0991735537190084,-1.0
Beijing Guoan FC vs. Wuhan Three Towns,Football (Half Time),ah,away,China,normal,China Super League,isn,2022-11-08,units,1,3.0991735537190084,3.0991735537190084,,4.31301652892562,1.3916666666666666
Beitar Ironi Kiryat Gat vs. Maccabi Ironi Sderot,Football,ah,away,Israel,normal,Israel Division 4 (Liga Bet),pin88,2022-11-08,units,1,4.131198347107438,4.131198347107438,,4.045454545454546,0.9792448112028007
Beitar Ironi Kiryat Gat vs. Maccabi Ironi Sderot,Football,ah,home,Israel,normal,Israel Division 4 (Liga Bet),pin88,2022-11-08,units,2,4.131198347107438,4.131198347107438,,-4.131198347107438,-1.0
Beitar Nahariya vs. Maccabi Ahva Shaab,Football,ah,away,Israel,normal,Israel Division 4 (Liga Bet),fair,2022-12-16,units,2,2.066115702479339,0.0,,0.0,
Beitar Nahariya vs. Maccabi Ahva Shaab,Football,ah,home,Israel,normal,Israel Division 4 (Liga Bet),ibc,2022-12-16,units,3,3.503099173553719,3.503099173553719,,-3.503099173553719,-1.0
Beitar Nahariya vs. Maccabi Ahva Shaab,Football,ah,home,Israel,normal,Israel Division 4 (Liga Bet),pin88,2022-12-16,units,2,2.5692148760330578,2.5692148760330578,,-2.5692148760330578,-1.0
Beitar Nahariya vs. Maccabi Ahva Shaab,Football,ahou,over,Israel,normal,Israel Division 4 (Liga Bet),ibc,2022-12-16,units,1,2.0619834710743805,0.0,,0.0,
Beitar Nahariya vs. Maccabi Ahva Shaab,Football,taou,over,Israel,normal,Israel Division 4 (Liga Bet),pin88,2022-12-16,units,1,2.0640495867768593,0.0,,0.0,
Beşiktaş JK vs. Serik Belediyespor,Football,ah,away,Turkey,normal,Turkey Cup (Fortis Cup),sharp,2022-11-09,units,1,3.0960743801652892,3.0960743801652892,,2.6642561983471076,0.8605271938605272
Beşiktaş JK vs. Serik Belediyespor,Football,ah,home,Turkey,normal,Turkey Cup (Fortis Cup),pin88,2022-11-09,units,1,2.580578512396694,2.580578512396694,,-2.580578512396694,-1.0
Binfield FC vs. Sutton Common Rovers FC,Football,1x2,n/a,England,normal,England Isthmian League Cup,fair,2022-11-28,units,1,1.0330578512396695,1.0330578512396695,,-1.0330578512396695,-1.0
Binfield FC vs. Sutton Common Rovers FC,Football,ah,away,England,normal,England Isthmian League Cup,pin88,2022-11-28,units,2,3.097107438016529,0.0,,0.0,
Binfield FC vs. Sutton Common Rovers FC,Football,ah,home,England,normal,England Isthmian League Cup,pin88,2022-11-28,units,1,1.0330578512396695,1.0330578512396695,,-1.0330578512396695,-1.0
Binfield FC vs. Sutton Common Rovers FC,Football,ahou,over,England,normal,England Isthmian League Cup,pin88,2022-11-28,units,1,2.0640495867768593,2.0640495867768593,,-2.0640495867768593,-1.0
Binfield FC vs. Sutton Common Rovers FC,Football,ahou,under,England,normal,England Isthmian League Cup,pin88,2022-11-28,units,2,8.258264462809917,8.258264462809917,,7.929752066115703,0.9602201651238429
Bonner SC U19 vs. Bayer 04 Leverkusen U19,Football,ah,away,Germany,normal,Germany Bundesliga (A-Junioren) U19,ibc,2022-12-10,units,3,4.123966942148761,4.123966942148761,,-4.123966942148761,-1.0
Bonner SC U19 vs. Bayer 04 Leverkusen U19,Football,ah,home,Germany,normal,Germany Bundesliga (A-Junioren) U19,ibc,2022-12-10,units,3,5.9504132231404965,5.9504132231404965,,5.756198347107438,0.967361111111111
Bonner SC U19 vs. Bayer 04 Leverkusen U19,Football,ahou,over,Germany,normal,Germany Bundesliga (A-Junioren) U19,ibc,2022-12-10,units,2,5.167355371900826,5.167355371900826,,4.600206611570248,0.8902439024390244
Bonner SC U19 vs. Bayer 04 Leverkusen U19,Football (Half Time),ahou,over,Germany,normal,Germany Bundesliga (A-Junioren) U19,ibc,2022-12-10,units,3,2.583677685950413,2.583677685950413,,2.1931818181818183,0.8488604558176729
Borussia Dortmund U19 vs. Duisburg MSV U19,Football,ah,home,Germany,normal,Germany Bundesliga (A-Junioren) U19,pin88,2022-12-04,units,1,3.0981404958677685,1.5485537190082646,,1.4876033057851241,0.9606404269513009
Bradford Park Avenue vs. AFC Telford United,Football,ah,home,England,normal,England National League North,fair,2022-12-05,units,1,0.5165289256198348,0.5165289256198348,,0.3212809917355372,0.622
Bravo Publikum vs. NK Britof,Football (Half Time),ah,away,Slovenia,normal,Slovenia Cup (Pokal Hervis),pin88,2022-11-09,units,2,9.296487603305787,5.1652892561983474,,-5.1652892561983474,-1.0
Bravo Publikum vs. NK Britof,Football (Half Time),ahou,under,Slovenia,normal,Slovenia Cup (Pokal Hervis),pin88,2022-11-09,units,1,2.0640495867768593,0.0,,0.0,
Brighton And Hove Albion U21 vs. Derby County FC U21,Football,1x2,n/a,England,normal,England Premier League Cup U21,fair,2022-12-19,units,1,1.0320247933884297,1.0320247933884297,,0.9886363636363636,0.957957957957958
Brighton And Hove Albion U21 vs. Derby County FC U21,Football,ah,n/a,England,normal,England Premier League Cup U21,fair,2022-12-19,units,1,1.0320247933884297,1.0320247933884297,,0.9886363636363636,0.957957957957958
Brighton And Hove Albion U21 vs. Derby County FC U21,Football (Half Time),1x2,n/a,England,normal,England Premier League Cup U21,fair,2022-12-19,units,1,1.0330578512396695,1.0330578512396695,,-1.0330578512396695,-1.0
Brunei vs. Thailand,Football,ah,away,FIFA Region: AFC (Asia),normal,AFF Asean Football Championship (Suzuki Cup),ibc,2022-12-20,units,2,2.0619834710743805,2.0619834710743805,,1.6838842975206612,0.8166332665330661
Bursa Yıldırımspor vs. Niğde Belediyespor,Football,1x2,n/a,Turkey,normal,Turkey TFF 3. Lig,fair,2022-11-23,units,1,2.066115702479339,2.066115702479339,,-2.066115702479339,-1.0
Bursa Yıldırımspor vs. Niğde Belediyespor,Football (Half Time),1x2,n/a,Turkey,normal,Turkey TFF 3. Lig,fair,2022-11-23,units,1,1.0330578512396695,1.0330578512396695,,-1.0330578512396695,-1.0
CA Batna U21 vs. JSM Skikda U21,Football,1x2,n/a,Algeria,normal,Algeria Ligue 1 U21,fair,2022-12-16,units,1,0.8264462809917356,0.8264462809917356,,-0.8264462809917356,-1.0
CA Batna U21 vs. JSM Skikda U21,Football,taou,over,Algeria,normal,Algeria Ligue 1 U21,pin88,2022-12-16,units,1,2.066115702479339,2.066115702479339,,-2.066115702479339,-1.0
CA Bragantino (SP) Women vs. SC Corinthians Paulista Women,Football,1x2,n/a,Brazil,normal,Brazil Campeonato Paulista (SP) Women,fair,2022-11-19,units,3,12.394628099173554,12.394628099173554,,-4.346074380165289,-0.3506417736289381
CA Bragantino (SP) Women vs. SC Corinthians Paulista Women,Football,ah,away,Brazil,normal,Brazil Campeonato Paulista (SP) Women,fair,2022-11-19,units,1,3.0991735537190084,1.5495867768595042,,1.3925619834710743,0.8986666666666666
CA Bragantino (SP) Women vs. SC Corinthians Paulista Women,Football,ah,home,Brazil,normal,Brazil Campeonato Paulista (SP) Women,fair,2022-11-19,units,1,0.9297520661157025,0.9297520661157025,,-0.9297520661157025,-1.0
CA Bragantino (SP) Women vs. SC Corinthians Paulista Women,Football,taou,over,Brazil,normal,Brazil Campeonato Paulista (SP) Women,pin88,2022-11-19,units,1,1.0330578512396695,1.0330578512396695,,-1.0330578512396695,-1.0
CA Bragantino (SP) Women vs. SC Corinthians Paulista Women,Football (Half Time),1x2,n/a,Brazil,normal,Brazil Campeonato Paulista (SP) Women,fair,2022-11-19,units,1,2.066115702479339,2.066115702479339,,-2.066115702479339,-1.0
CA Torque Reserves vs. Boston River Reserves,Football,ah,home,Uruguay,normal,Uruguay Reserve League,ibc,2022-12-12,units,3,6.198347107438017,6.198347107438017,,5.513429752066116,0.8895000000000001
CA Torque Reserves vs. Boston River Reserves,Football (Half Time),1x2,n/a,Uruguay,normal,Uruguay Reserve League,ibc,2022-12-12,units,1,0.5216942148760331,0.5216942148760331,,0.5154958677685951,0.9881188118811881
CD Acero vs. CD Castellón II,Football,ah,away,Spain,normal,Spain Tercera Division,fair,2022-11-19,units,1,1.5495867768595042,1.5495867768595042,,1.3770661157024795,0.8886666666666667
CD Acero vs. CD Castellón II,Football,ah,n/a,Spain,normal,Spain Tercera Division,fair,2022-11-19,units,1,1.4617768595041323,1.4617768595041323,,-1.4617768595041323,-1.0
CD Atlético Baleares vs. SD Logroñes,Football,ah,away,Spain,normal,Spain Primera Division RFEF,sharp,2022-12-08,units,1,0.7293388429752066,0.0,,0.0,
CD Atlético Baleares vs. SD Logroñes,Football,ah,n/a,Spain,normal,Spain Primera Division RFEF,fair,2022-12-08,units,2,2.3574380165289255,0.0,,0.0,
CD Atlético Nacional vs. CD Gallegol,Football,ah,home,Colombia,normal,Colombia - Regional League,pin88,2022-11-19,units,2,7.229338842975206,0.0,,0.0,
CD Independiente Medellín vs. Deportivo Pereira,Football,ah,home,Colombia,normal,Colombia Primera A,ibc,2022-12-04,units,1,1.0309917355371903,1.0309917355371903,,-1.0309917355371903,-1.0
CD Independiente Medellín vs. Deportivo Pereira,Football,ah,home,Colombia,normal,Colombia Primera A,pin88,2022-12-04,units,1,3.0981404958677685,3.0981404958677685,,-3.0981404958677685,-1.0
CD Malacateco vs. CD Xinabajul,Football,ah,home,Guatemala,normal,Guatemala Division 1 (Liga Nacional),sharp,2022-11-20,units,3,8.261363636363637,4.131198347107438,,3.8688016528925617,0.9364841210302576
CD Malacateco vs. CD Xinabajul,Football,taou,over,Guatemala,normal,Guatemala Division 1 (Liga Nacional),pin88,2022-11-20,units,1,1.0330578512396695,1.0330578512396695,,-1.0330578512396695,-1.0
CD Árabe Unido vs. UD Universitario,Football,1x2,n/a,Panama,normal,Panama Primera Division,fair,2022-11-06,units,1,1.0330578512396695,1.0330578512396695,,-1.0330578512396695,-1.0
CF Gloria 1922 Bistriţa vs. CS Marmatia 96 Sighetul Marmatiei,Football,ahou,under,Romania,normal,Romania Division 3,pin88,2022-11-18,units,1,5.681818181818182,5.681818181818182,,-5.681818181818182,-1.0
CF Gloria 1922 Bistriţa vs. FC CFR 1907 Cluj-Napoca II,Football,ah,away,Romania,normal,Romania Division 3,pin88,2022-11-11,units,1,6.195247933884297,6.195247933884297,,5.426652892561984,0.8759379689844923
CR Flamengo (RJ) Women vs. Botafogo FR (RJ) Women,Football,ah,away,Brazil,normal,Brazil Carioca Women,pin88,2022-11-05,units,2,8.262396694214877,8.262396694214877,,7.853305785123967,0.9504876219054764
CS Avantul Reghin vs. CS Ocna Mures,Football,1x2,n/a,Romania,normal,Romania Division 3,pin88,2022-11-18,units,1,2.0640495867768593,2.0640495867768593,,-2.0640495867768593,-1.0
CS Avantul Reghin vs. CS Ocna Mures,Football,ah,home,Romania,normal,Romania Division 3,pin88,2022-11-18,units,1,4.131198347107438,4.131198347107438,,-4.131198347107438,-1.0
CS Cerrito Reserves vs. Club Nacional Montevideo Reserves,Football,taou,over,Uruguay,normal,Uruguay Reserve League,pin88,2022-12-05,units,1,6.195247933884297,6.195247933884297,,8.914256198347108,1.4388861097215275
CS Constantine U19 vs. US Chaouia U19,Football,ah,home,Algeria,normal,Algeria League U19,pin88,2022-11-26,units,1,3.0981404958677685,3.0981404958677685,,-3.0981404958677685,-1.0
CS Constantine U19 vs. US Chaouia U19,Football,taou,over,Algeria,normal,Algeria League U19,pin88,2022-11-26,units,1,2.0640495867768593,2.0640495867768593,,-2.0640495867768593,-1.0
CS Constantine Women vs. CF Akbou Women,Football,ah,home,Algeria,normal,Algeria Championship Women,pin88,2022-11-18,units,1,1.0330578512396695,0.5165289256198348,,-0.5165289256198348,-1.0
CS Constantine Women vs. CF Akbou Women,Football,taou,over,Algeria,normal,Algeria Championship Women,pin88,2022-11-18,units,1,3.0981404958677685,3.0981404958677685,,-3.0981404958677685,-1.0
CS Jiul Petroşani vs. ACS Progresul Ezeris,Football,ah,n/a,Romania,normal,Romania Division 3,fair,2022-11-26,units,1,6.198347107438017,6.198347107438017,,7.570247933884298,1.2213333333333334
CS Maritimo U23 vs. Rio Ave FC U23,Football,ah,home,Portugal,normal,Portugal Liga Revelacao U23,fair,2022-12-05,units,4,0.7489669421487604,0.0,,0.0,
CS Maritimo U23 vs. Rio Ave FC U23,Football,ah,n/a,Portugal,normal,Portugal Liga Revelacao U23,fair,2022-12-05,units,1,0.9607438016528925,0.0,,0.0,
CS Mureşul Deva vs. CS Viitorul Simian,Football,taou,over,Romania,normal,Romania Division 3,pin88,2022-11-11,units,2,5.162190082644628,5.162190082644628,,-5.162190082644628,-1.0
CS Paulesti vs. Sepsi OSK Sfantu Gheorghe II,Football,ah,away,Romania,normal,Romania Division 3,pin88,2022-11-12,units,1,4.131198347107438,4.131198347107438,,3.619834710743802,0.876219054763691
CS Petrocub vs. CSF Balti,Football,ahou,under,Moldova,normal,Moldova Super Liga (Divizia Naţională),fair,2022-11-09,units,1,2.06301652892562,2.06301652892562,,1.93801652892562,0.9394091136705058
CS Phoenix Buzias vs. ACS Ghiroda,Football,ah,away,Romania,normal,Romania Division 3,fair,2022-11-25,units,2,2.0609504132231407,2.0609504132231407,,2.215909090909091,1.075187969924812
CS Sporting Roşiorii de Vede vs. CS Viitorul Dăești,Football,ah,away,Romania,normal,Romania Division 3,pin88,2022-11-12,units,1,4.131198347107438,4.131198347107438,,5.324380165289257,1.2888222055513878
CS Sporting Roşiorii de Vede vs. CS Viitorul Dăești,Football,ahou,over,Romania,normal,Romania Division 3,pin88,2022-11-12,units,1,2.066115702479339,2.066115702479339,,1.8946280991735538,0.917
CS Sporting Roşiorii de Vede vs. CS Viitorul Dăești,Football,taou,over,Romania,normal,Romania Division 3,pin88,2022-11-12,units,1,1.0330578512396695,0.0,,0.0,
CS Sporting Roşiorii de Vede vs. CS Viitorul Dăești,Football (Half Time),ahou,over,Romania,normal,Romania Division 3,pin88,2022-11-12,units,1,1.0330578512396695,1.0330578512396695,,-1.0330578512396695,-1.0
CS Urquiza (Parana) vs. CA Huracan Diamante,Football,1x2,n/a,Argentina,normal,Argentina Torneo Regional Federal Amateur,pin88,2022-11-13,units,1,2.580578512396694,2.580578512396694,,2.1652892561983474,0.8390712570056046
CS Urquiza (Parana) vs. CA Huracan Diamante,Football,ah,away,Argentina,normal,Argentina Torneo Regional Federal Amateur,pin88,2022-11-13,units,1,2.0640495867768593,2.0640495867768593,,-2.0640495867768593,-1.0
CSA Steaua Bucuresti vs. FC Brasov Steagul Renaste,Football,ah,away,Romania,normal,Romania Division 2,pin88,2022-11-27,units,1,3.68698347107438,3.68698347107438,,7.332644628099174,1.988792378817596
CSA Steaua Bucuresti vs. FC Brasov Steagul Renaste,Football,ah,n/a,Romania,normal,Romania Division 2,fair,2022-11-27,units,1,0.4411157024793389,0.4411157024793389,,0.8791322314049588,1.9929742388758782
CSA Steaua Bucuresti vs. FC Brasov Steagul Renaste,Football,taou,over,Romania,normal,Romania Division 2,pin88,2022-11-27,units,1,1.0330578512396695,1.0330578512396695,,-1.0330578512396695,-1.0
CSD Colo Colo Women vs. CFP Universidad de Chile Women,Football,ah,away,Chile,normal,Chile Primera Division Women,pin88,2022-11-20,units,2,6.195247933884297,0.0,,0.0,
CSD Colo Colo Women vs. CFP Universidad de Chile Women,Football,taou,over,Chile,normal,Chile Primera Division Women,pin88,2022-11-20,units,1,7.229338842975206,7.229338842975206,,-7.229338842975206,-1.0
CSD Colo Colo Women vs. CFP Universidad de Chile Women,Football (Half Time),1x2,n/a,Chile,normal,Chile Primera Division Women,fair,2022-11-20,units,1,0.3553719008264463,0.3553719008264463,,-0.3553719008264463,-1.0
CSD Colo Colo Women vs. CFP Universidad de Chile Women,Football (Half Time),1x2,n/a,Chile,normal,Chile Primera Division Women,pin88,2022-11-20,units,1,0.6756198347107438,0.6756198347107438,,-0.6756198347107438,-1.0
CSD Colo Colo Women vs. CFP Universidad de Chile Women,Football (Half Time),ah,home,Chile,normal,Chile Primera Division Women,pin88,2022-11-20,units,1,3.0981404958677685,3.0981404958677685,,-3.0981404958677685,-1.0
Cambodia vs. Philippines,Football (Half Time),ah,home,FIFA Region: AFC (Asia),normal,AFF Asean Football Championship (Suzuki Cup),ibc,2022-12-20,units,3,2.4607438016528924,2.4607438016528924,,-2.4607438016528924,-1.0
Cardiff City FC U21 vs. Sunderland FC U21,Football,ah,away,England,normal,England Premier League Cup U21,pin88,2022-12-21,units,1,2.066115702479339,2.066115702479339,,-2.066115702479339,-1.0
Cardiff City FC U21 vs. Sunderland FC U21,Football,ah,home,England,normal,England Premier League Cup U21,ibc,2022-12-21,units,1,3.1053719008264467,3.1053719008264467,,3.0619834710743805,0.9860279441117764
Carrick Rangers U20 vs. Dungannon Swifts FC U20,Football,taou,over,Northern Ireland,normal,Northern Ireland Premiership Development League U20,pin88,2022-12-19,units,1,1.0330578512396695,1.0330578512396695,,1.259297520661157,1.219
Carshalton Athletic FC vs. Walton & Hersham,Football,taou,over,England,normal,England Isthmian League Cup,pin88,2022-12-19,units,1,1.0330578512396695,1.0330578512396695,,-1.0330578512396695,-1.0
Celtic B vs. Berwick Rangers FC,Football,taou,over,Scotland,normal,Scotland Football League,pin88,2022-12-06,units,1,1.0330578512396695,1.0330578512396695,,3.727272727272727,3.6079999999999997
Central Coast Mariners FC vs. Newcastle Jets,Football,ahou,over,Australia,normal,Australia A-League,sharp,2022-12-21,units,3,3.0867768595041323,1.0289256198347108,,1.037190082644628,1.0080321285140563
Central Coast Mariners FC vs. Newcastle Jets,Football,taou,over,Australia,normal,Australia A-League,pin88,2022-12-21,units,1,1.0330578512396695,1.0330578512396695,,2.7561983471074383,2.668
Central Coast Mariners FC vs. Newcastle Jets,Football (Half Time),1x2,n/a,Australia,normal,Australia A-League,pin88,2022-12-21,units,1,1.0330578512396695,1.0330578512396695,,1.8068181818181819,1.7489999999999999
Central Coast Mariners FC vs. Newcastle Jets,Football (Half Time),ah,home,Australia,normal,Australia A-League,pin88,2022-12-21,units,1,1.0330578512396695,0.5165289256198348,,-0.5165289256198348,-1.0
Central Coast Mariners FC vs. Newcastle Jets,Football (Half Time),ah,home,Australia,normal,Australia A-League,sharp,2022-12-21,units,1,0.5165289256198348,0.5165289256198348,,-0.5165289256198348,-1.0
Central Coast Mariners FC vs. Newcastle Jets,Football (Half Time),ahou,over,Australia,normal,Australia A-League,sharp,2022-12-21,units,1,1.0289256198347108,1.0289256198347108,,-1.0289256198347108,-1.0
Central SC (PE) vs. Belo Jardim FC (PE),Football,ah,away,Brazil,normal,Brazil Campeonato Pernambucano (PE) 2,pin88,2022-11-27,units,2,7.228305785123967,1.0330578512396695,,-1.0330578512396695,-1.0
Central SC (PE) vs. Belo Jardim FC (PE),Football,ahou,over,Brazil,normal,Brazil Campeonato Pernambucano (PE) 2,pin88,2022-11-27,units,1,3.0960743801652892,3.0960743801652892,,-3.0960743801652892,-1.0
Central SC (PE) vs. Belo Jardim FC (PE),Football,taou,over,Brazil,normal,Brazil Campeonato Pernambucano (PE) 2,pin88,2022-11-27,units,1,1.0330578512396695,1.0330578512396695,,-1.0330578512396695,-1.0
Central and Western vs. Kwai Tsing DFA,Football,ah,home,Hong Kong,normal,Hong Kong 1st Division,pin88,2022-12-18,units,1,1.0330578512396695,1.0330578512396695,,0.8068181818181819,0.781
Central and Western vs. Kwai Tsing DFA,Football,ahou,over,Hong Kong,normal,Hong Kong 1st Division,fair,2022-12-18,units,3,3.565082644628099,3.565082644628099,,3.4452479338842976,0.9663865546218487
Central and Western vs. Kwai Tsing DFA,Football,ahou,over,Hong Kong,normal,Hong Kong 1st Division,ibc,2022-12-18,units,1,1.0309917355371903,1.0309917355371903,,0.9855371900826447,0.9559118236472945
Changchun Yatai vs. Hebei FC,Football,taou,over,China,normal,China Super League,pin88,2022-11-21,units,1,1.0330578512396695,1.0330578512396695,,-1.0330578512396695,-1.0
Changchun Yatai vs. Hebei FC,Football (Half Time Corners),ah,home,China,normal,China Super League,pin88,2022-11-21,units,2,4.132231404958678,4.132231404958678,,4.171487603305785,1.0095
Chengdu Better City FC vs. Changchun Yatai,Football,ahou,over,China,normal,China Super League,fair,2022-11-07,units,2,1.5475206611570247,1.5475206611570247,,1.7334710743801656,1.1201602136181577
Chengdu Better City FC vs. Changchun Yatai,Football,ahou,under,China,normal,China Super League,pin88,2022-11-07,units,1,1.0330578512396695,0.0,,0.0,
Chengdu Better City FC vs. Changchun Yatai,Football,ahou,under,China,normal,China Super League,sharp,2022-11-07,units,1,3.097107438016529,1.5485537190082646,,-1.5516528925619837,-1.0020013342228153
Chengdu Better City FC vs. Wuhan FC,Football (Half Time),1x2,n/a,China,normal,China Super League,18bet,2022-12-27,units,1,1.5495867768595042,1.5495867768595042,,8.326446280991735,5.373333333333334
Chengdu Better City FC vs. Wuhan FC,Football (Half Time),1x2,n/a,China,normal,China Super League,fair,2022-12-27,units,1,1.0330578512396695,1.0330578512396695,,-1.0330578512396695,-1.0
Chengdu Better City FC vs. Wuhan FC,Football (Half Time),ah,away,China,normal,China Super League,pin88,2022-12-27,units,1,1.0330578512396695,1.0330578512396695,,4.43904958677686,4.297
Chhinga Veng FC vs. Chanmari FC,Football,ah,home,India,normal,India Mizoram Premier League,ibc,2022-11-11,units,1,3.1053719008264467,3.1053719008264467,,2.535123966942149,0.8163672654690619
Chhinga Veng FC vs. Chanmari FC,Football,ah,n/a,India,normal,India Mizoram Premier League,fair,2022-11-11,units,1,3.0991735537190084,3.0991735537190084,,-3.0991735537190084,-1.0
Chile U20 vs. Brazil U20,Football,ah,home,International,normal,International Friendly U20,pin88,2022-11-20,units,1,3.0991735537190084,3.0991735537190084,,5.078512396694214,1.6386666666666665
Chippa United Reserves vs. Moroka Swallows Reserves,Football,ah,home,South Africa,normal,South Africa Diski Challenge (Reserve League),pin88,2022-11-19,units,2,4.128099173553719,4.128099173553719,,4.06301652892562,0.9842342342342343
Chippa United Reserves vs. Moroka Swallows Reserves,Football,taou,over,South Africa,normal,South Africa Diski Challenge (Reserve League),pin88,2022-11-19,units,1,2.0640495867768593,0.0,,0.0,
Chirk AAA vs. Llandudno FC,Football,ahou,under,Wales,normal,Wales FAW Championship North & Mid,pin88,2022-12-27,units,2,7.228305785123967,7.228305785123967,,-7.228305785123967,-1.0
Christchurch United vs. Cashmere Technical AFC,Football,ah,away,New Zealand,normal,New Zealand Premiership,pin88,2022-11-25,units,1,1.0330578512396695,1.0330578512396695,,-1.0330578512396695,-1.0
Christchurch United vs. Cashmere Technical AFC,Football,ahou,under,New Zealand,normal,New Zealand Premiership,pin88,2022-11-25,units,1,2.270661157024793,2.270661157024793,,-2.270661157024793,-1.0
City FC vs. KCDRSC,Football,taou,over,Hong Kong,normal,Hong Kong 3rd Division,pin88,2022-11-20,units,2,5.162190082644628,5.162190082644628,,4.3150826446281,0.8359015409245548
Club Athletico Belgrano de Parana vs. Sportivo Urquiza Entre Rios,Football,ah,home,Argentina,normal,Argentina Torneo Regional Federal Amateur,pin88,2022-11-06,units,3,5.161157024793388,1.5485537190082646,,-1.5506198347107438,-1.0013342228152102
Club Athletico Belgrano de Parana vs. Sportivo Urquiza Entre Rios,Football,taou,over,Argentina,normal,Argentina Torneo Regional Federal Amateur,pin88,2022-11-06,units,1,1.0330578512396695,1.0330578512396695,,-1.0330578512396695,-1.0
Club Atletico Resistencia Central vs. Chacra 8,Football,ahou,over,Argentina,normal,Argentina Torneo Regional Federal Amateur,pin88,2022-11-27,units,1,1.5495867768595042,1.5495867768595042,,-1.5495867768595042,-1.0
Club Atletico Resistencia Central vs. Chacra 8,Football,ahou,under,Argentina,normal,Argentina Torneo Regional Federal Amateur,pin88,2022-11-27,units,2,6.195247933884297,6.195247933884297,,-6.195247933884297,-1.0
Club Atletico Resistencia Central vs. Chacra 8,Football,taou,over,Argentina,normal,Argentina Torneo Regional Federal Amateur,pin88,2022-11-27,units,1,1.0330578512396695,1.0330578512396695,,-1.0330578512396695,-1.0
Club Atlético General Paz Juniors vs. Colon de Colonia Caroya,Football,ah,away,Argentina,normal,Argentina Torneo Regional Federal Amateur,pin88,2022-12-04,units,2,2.066115702479339,0.0,,0.0,
Club Atlético San Lorenzo De Alem vs. Club Sportivo Villa Cubas,Football,ah,away,Argentina,normal,Argentina Torneo Regional Federal Amateur,pin88,2022-11-13,units,1,3.0981404958677685,3.0981404958677685,,2.690082644628099,0.8682894298099367
Club Atlético San Lorenzo De Alem vs. Club Sportivo Villa Cubas,Football,taou,over,Argentina,normal,Argentina Torneo Regional Federal Amateur,pin88,2022-11-13,units,1,1.0330578512396695,1.0330578512396695,,1.7138429752066118,1.659
Club Atlético San Lorenzo De Alem vs. San Antonio Belen,Football,ahou,over,Argentina,normal,Argentina Torneo Regional Federal Amateur,pin88,2022-11-27,units,6,12.385330578512397,12.385330578512397,,10.482438016528926,0.8463591625656852
Club Atlético San Lorenzo De Alem vs. San Antonio Belen,Football,taou,over,Argentina,normal,Argentina Torneo Regional Federal Amateur,pin88,2022-11-27,units,10,24.78099173553719,24.78099173553719,,17.65392561983471,0.7123978655994664
Club Brugge vs. Oud-Heverlee Leuven,Football,ah,home,Belgium,normal,Belgium 1st Division A,fair,2022-12-26,units,1,1.5495867768595042,1.5495867768595042,,-1.5495867768595042,-1.0
Club Brugge vs. Oud-Heverlee Leuven,Football,ah,home,Belgium,normal,Belgium 1st Division A,isn,2022-12-26,units,1,3.887396694214876,3.887396694214876,,-3.887396694214876,-1.0
Club Brugge vs. Oud-Heverlee Leuven,Football,taou,over,Belgium,normal,Belgium 1st Division A,pin88,2022-12-26,units,2,3.0991735537190084,3.0991735537190084,,-3.0991735537190084,-1.0
Club Deportivo Garcilaso vs. Paz Soldan FBC,Football,ah,away,Peru,normal,Peru Cup,pin88,2022-11-06,units,1,1.0330578512396695,1.0330578512396695,,-1.0330578512396695,-1.0
Club Deportivo Garcilaso vs. Paz Soldan FBC,Football,taou,over,Peru,normal,Peru Cup,pin88,2022-11-06,units,2,3.097107438016529,3.097107438016529,,0.8822314049586778,0.28485657104736495
Club Olympique de Medenine vs. ES Jerba Midoun,Football,ah,home,Tunisia,normal,Tunisia League 2 (CLP2),pin88,2022-12-06,units,1,3.0981404958677685,3.0981404958677685,,2.6663223140495873,0.8606202067355786
Club Social Deportivo La Emilia San Nicolás vs. Defensores de la Esperanza,Football,taou,over,Argentina,normal,Argentina Torneo Regional Federal Amateur,pin88,2022-11-27,units,1,1.0330578512396695,1.0330578512396695,,-1.0330578512396695,-1.0
Coast Stima FC vs. Naivas,Football,ah,n/a,Kenya,normal,Kenya Super League,fair,2022-12-19,units,8,4.637396694214876,4.637396694214876,,-1.1177685950413223,-0.24103363778124307
Coast Stima FC vs. Naivas,Football,ahou,over,Kenya,normal,Kenya Super League,fair,2022-12-19,units,2,2.0020661157024793,2.0020661157024793,,1.7076446280991737,0.8529411764705883
Coast Stima FC vs. Naivas,Football,ahou,under,Kenya,normal,Kenya Super League,molly,2022-12-19,units,1,1.0330578512396695,1.0330578512396695,,-1.0330578512396695,-1.0
Coast Stima FC vs. Naivas,Football,ou,under,Kenya,normal,Kenya Super League,molly,2022-12-19,units,1,3.0991735537190084,3.0991735537190084,,-3.0991735537190084,-1.0
Coast Stima FC vs. Naivas,Football (Half Time),1x2,n/a,Kenya,normal,Kenya Super League,fair,2022-12-19,units,1,0.5165289256198348,0.5165289256198348,,-0.5165289256198348,-1.0
Coast Stima FC vs. Naivas,Football (Half Time),ou,over,Kenya,normal,Kenya Super League,fair,2022-12-19,units,1,1.012396694214876,1.012396694214876,,0.96900826446281,0.9571428571428572
Columbian Dyip vs. San Miguel Beermen,Basketball,ah,away,Philippines,normal,Philippines PBA Commissioners Cup,pin88,2022-11-23,units,2,3.0991735537190084,3.0991735537190084,,-3.0991735537190084,-1.0
Costa Rica vs. Germany,Football,ah,away,International world cup,normal,FIFA World Cup,sbo,2022-12-01,units,1,1.0165289256198347,1.0165289256198347,,1.1745867768595042,1.1554878048780488
Costa Rica vs. Germany,Football,ah,home,International world cup,normal,FIFA World Cup,fair,2022-12-01,units,1,0.5165289256198348,0.5165289256198348,,-0.5165289256198348,-1.0
Costa Rica vs. Germany,Football,ahou,over,International world cup,normal,FIFA World Cup,sbo,2022-12-01,units,1,4.123966942148761,4.123966942148761,,3.8522727272727275,0.9341182364729459
Costa Rica vs. Germany,Football,ahou,under,International world cup,normal,FIFA World Cup,fair,2022-12-01,units,2,5.434917355371901,5.434917355371901,,-5.439049586776859,-1.0007603117278083
Costa Rica vs. Germany,Football,ou,over,International world cup,normal,FIFA World Cup,fair,2022-12-01,units,3,22.587809917355376,22.587809917355376,,-22.587809917355376,-1.0
Costa Rica vs. Germany,Football,ou,under,International world cup,normal,FIFA World Cup,fair,2022-12-01,units,2,39.871900826446286,39.871900826446286,,22.734504132231407,0.5701886205824438
Costa Rica vs. Germany,Football,ou,under,International world cup,normal,FIFA World Cup,molly,2022-12-01,units,2,1.4504132231404958,1.4504132231404958,,0.8760330578512397,0.6039886039886041
Cracovia Kraków vs. ŽP ŠPORT Podbrezová,Football,1x2,n/a,International,normal,Club Friendly,smk,2022-11-18,units,1,1.0330578512396695,1.0330578512396695,,-1.0330578512396695,-1.0
Cracovia Kraków vs. ŽP ŠPORT Podbrezová,Football,taou,over,International,normal,Club Friendly,pin88,2022-11-18,units,3,5.1652892561983474,3.0991735537190084,,2.928719008264463,0.945
Crusaders FC vs. Ballymena United FC,Football,1x2,n/a,Northern Ireland,normal,Northern Ireland Premier League,bdaq,2022-11-14,units,1,0.7964876033057852,0.7964876033057852,,-0.7964876033057852,-1.0
Crusaders FC vs. Ballymena United FC,Football,ah,home,Northern Ireland,normal,Northern Ireland Premier League,pin88,2022-11-14,units,1,2.0640495867768593,2.0640495867768593,,-2.0640495867768593,-1.0
Crusaders FC vs. Ballymena United FC,Football,ah,n/a,Northern Ireland,normal,Northern Ireland Premier League,fair,2022-11-14,units,1,0.23553719008264462,0.23553719008264462,,0.22107438016528927,0.9385964912280702
Csikszereda Miercurea Ciuc Women vs. ASU Politehnica Timişoara Women,Football,ah,away,Romania,normal,Romania Liga I Women,pin88,2022-11-20,units,4,10.325413223140497,10.325413223140497,,8.862603305785125,0.8583291645822911
Csikszereda Miercurea Ciuc Women vs. ASU Politehnica Timişoara Women,Football,ah,home,Romania,normal,Romania Liga I Women,pin88,2022-11-20,units,1,6.195247933884297,6.195247933884297,,-6.195247933884297,-1.0
Csikszereda Miercurea Ciuc Women vs. ASU Politehnica Timişoara Women,Football,ahou,over,Romania,normal,Romania Liga I Women,pin88,2022-11-20,units,1,4.131198347107438,4.131198347107438,,3.24896694214876,0.7864466116529132
Csikszereda Miercurea Ciuc Women vs. ASU Politehnica Timişoara Women,Football,ahou,under,Romania,normal,Romania Liga I Women,pin88,2022-11-20,units,2,6.711776859504132,6.711776859504132,,-6.711776859504132,-1.0
Dagenham & Redbridge FC vs. Uxbridge,Football,ah,home,England,normal,England FA Trophy,pin88,2022-12-20,units,1,3.0981404958677685,3.0981404958677685,,-3.0981404958677685,-1.0
Defensor La Bocana vs. Atletico Bruces,Football,ah,home,Peru,normal,Peru Cup,pin88,2022-11-27,units,5,8.774793388429751,0.0,,0.0,
Defensor La Bocana vs. Atletico Bruces,Football,ahou,under,Peru,normal,Peru Cup,pin88,2022-11-27,units,1,1.0330578512396695,1.0330578512396695,,-1.0330578512396695,-1.0
Defensor La Bocana vs. Centro Estudiantil San Agustin,Football,ah,away,Peru,normal,Peru Cup,pin88,2022-11-13,units,2,6.711776859504132,6.711776859504132,,-6.711776859504132,-1.0
Defensor La Bocana vs. Centro Estudiantil San Agustin,Football,ah,home,Peru,normal,Peru Cup,pin88,2022-11-13,units,5,13.93801652892562,13.93801652892562,,12.444214876033058,0.8928253780017789
Defensor La Bocana vs. Centro Estudiantil San Agustin,Football (Half Time),1x2,n/a,Peru,normal,Peru Cup,pin88,2022-11-13,units,1,1.0330578512396695,1.0330578512396695,,2.177685950413223,2.108
Defensor La Bocana vs. Comerciantes FC,Football,ahou,over,Peru,normal,Peru Cup,fair,2022-12-04,units,4,5.052685950413223,5.052685950413223,,-5.051652892561983,-0.9997955428337764
Defensor La Bocana vs. Comerciantes FC,Football,ahou,under,Peru,normal,Peru Cup,fair,2022-12-04,units,2,4.132231404958678,4.132231404958678,,4.794421487603306,1.16025
Defensor La Bocana vs. Comerciantes FC,Football,ou,over,Peru,normal,Peru Cup,fair,2022-12-04,units,1,0.5165289256198348,0.5165289256198348,,-0.5154958677685951,-0.998
Defensores de Cambaceres Women vs. Chacarita Juniors Women,Football,1x2,n/a,Argentina,normal,Argentina Primera C Women,pin88,2022-12-10,units,2,3.097107438016529,3.097107438016529,,10.962809917355372,3.5396931287525017
Defensores de Cambaceres Women vs. Chacarita Juniors Women,Football (Half Time),1x2,n/a,Argentina,normal,Argentina Primera C Women,pin88,2022-12-10,units,1,1.0330578512396695,1.0330578512396695,,0.9917355371900827,0.9600000000000001
Defensores de La Ribera vs. Racing de Trelew,Football,ah,home,Argentina,normal,Argentina Torneo Regional Federal Amateur,pin88,2022-11-19,units,1,3.0981404958677685,3.0981404958677685,,3.0950413223140494,0.9989996665555184
Dekernes vs. El Olympi,Football,1x2,n/a,Egypt,normal,Egypt Division 2 A,fair,2022-12-14,units,1,0.5165289256198348,0.5165289256198348,,-0.5165289256198348,-1.0
Dekernes vs. El Olympi,Football,ah,home,Egypt,normal,Egypt Division 2 A,fair,2022-12-14,units,1,0.5165289256198348,0.5165289256198348,,-0.5165289256198348,-1.0
Dekernes vs. El Olympi,Football,ah,home,Egypt,normal,Egypt Division 2 A,pin88,2022-12-14,units,1,2.066115702479339,1.0330578512396695,,-1.0340909090909092,-1.0010000000000001
Delfino Pescara vs. Taranto Sport,Football,ahou,over,Italy,normal,Italy Serie C (Lega Pro),fair,2022-12-05,units,1,2.066115702479339,0.0,,0.0,
Delfino Pescara vs. Taranto Sport,Football (Half Time),1x2,n/a,Italy,normal,Italy Serie C (Lega Pro),fair,2022-12-05,units,1,1.0330578512396695,1.0330578512396695,,-1.0330578512396695,-1.0
Delhi United vs. Jaguar FC,Football,1x2,n/a,India,normal,India Delhi Football League,pin88,2022-11-22,units,1,2.0640495867768593,2.0640495867768593,,3.134297520661157,1.5185185185185186
Delhi United vs. Jaguar FC,Football,ah,away,India,normal,India Delhi Football League,pin88,2022-11-22,units,1,4.131198347107438,4.131198347107438,,3.355371900826446,0.8122030507626906
Deportivo Abanca Women vs. Cordoba CF Women,Football,taou,over,Spain,normal,Spain Primera Federacion Women,pin88,2022-12-10,units,1,1.0330578512396695,1.0330578512396695,,-1.0330578512396695,-1.0
Dewa United vs. Arema (ISL),Football,ahou,over,Indonesia,normal,Indonesia Liga 1,ibc,2022-12-07,units,1,0.5216942148760331,0.5216942148760331,,-0.5216942148760331,-1.0
Djoliba AC vs. US Bougouni,Football (Half Time),1x2,n/a,Mali,normal,Mali Premiere Division,fair,2022-12-05,units,1,0.5165289256198348,0.5165289256198348,,-0.5165289256198348,-1.0
Djoliba AC vs. US Bougouni,Football (Half Time),ah,away,Mali,normal,Mali Premiere Division,pin88,2022-12-05,units,1,1.0330578512396695,1.0330578512396695,,-1.0330578512396695,-1.0
Druk Lhayul FC vs. Paro FC,Football,1x2,n/a,Bhutan,normal,Bhutan Thimphu Premier League,fair,2022-12-27,units,2,1.2396694214876034,1.2396694214876034,,-1.2396694214876034,-1.0
Druk Lhayul FC vs. Paro FC,Football,ah,away,Bhutan,normal,Bhutan Thimphu Premier League,fair,2022-12-27,units,3,2.065082644628099,2.065082644628099,,-2.065082644628099,-1.0
Druk Lhayul FC vs. Paro FC,Football,ah,n/a,Bhutan,normal,Bhutan Thimphu Premier League,fair,2022-12-27,units,1,0.20557851239669422,0.20557851239669422,,-0.2035123966942149,-0.9899497487437187
Druk Lhayul FC vs. Paro FC,Football,ahou,over,Bhutan,normal,Bhutan Thimphu Premier League,fair,2022-12-27,units,1,1.0289256198347108,1.0289256198347108,,1.3780991735537191,1.3393574297188757
Druk Lhayul FC vs. Paro FC,Football,ou,over,Bhutan,normal,Bhutan Thimphu Premier League,fair,2022-12-27,units,4,2.0444214876033056,2.0444214876033056,,1.8894628099173554,0.9242041435068217
Druk Lhayul FC vs. Paro FC,Football,score,n/a,Bhutan,normal,Bhutan Thimphu Premier League,fair,2022-12-27,units,3,1.0320247933884297,1.0320247933884297,,2.444214876033058,2.3683683683683685
Druk Lhayul FC vs. Paro FC,Football,taou,over,Bhutan,normal,Bhutan Thimphu Premier League,pin88,2022-12-27,units,2,2.066115702479339,2.066115702479339,,3.8295454545454546,1.8535
Dubai City vs. Fursan Hispania FC,Football (Half Time),1x2,n/a,United Arab Emirates,normal,UAE Division 1,ibc,2022-12-23,units,2,0.8192148760330579,0.8192148760330579,,-0.8192148760330579,-1.0
Dubai City vs. Fursan Hispania FC,Football (Half Time),ah,away,United Arab Emirates,normal,UAE Division 1,ibc,2022-12-23,units,4,1.540289256198347,0.0,,0.0,
Dundee FC Reserves vs. Hamilton Academical FC Reserves,Football (Half Time),ah,home,Scotland,normal,Scotland Reserves League,pin88,2022-12-06,units,1,1.0330578512396695,0.0,,0.0,
ES Ben Aknoun U19 vs. USM Alger U19,Football,1x2,n/a,Algeria,normal,Algeria League U19,ibc,2022-12-09,units,1,2.583677685950413,2.583677685950413,,2.263429752066116,0.8760495801679329
ES Ben Aknoun U19 vs. USM Alger U19,Football,taou,over,Algeria,normal,Algeria League U19,pin88,2022-12-09,units,1,1.0330578512396695,0.0,,0.0,
ES Ben Aknoun U21 vs. MC Saida U21,Football,ahou,over,Algeria,normal,Algeria Ligue 1 U21,fair,2022-11-19,units,2,3.0991735537190084,2.066115702479339,,1.6559917355371903,0.8015000000000001
ES Ben Aknoun vs. NA Hussein Dey,Football,1x2,n/a,Algeria,normal,Algeria Ligue 2,ibc,2022-12-23,units,3,0.2975206611570248,0.2975206611570248,,-0.2975206611570248,-1.0
ES Ben Aknoun vs. NA Hussein Dey,Football,ah,home,Algeria,normal,Algeria Ligue 2,ibc,2022-12-23,units,2,1.2417355371900827,0.0,,0.0,
ES Ben Aknoun vs. NA Hussein Dey,Football,ah,home,Algeria,normal,Algeria Ligue 2,pin88,2022-12-23,units,2,5.164256198347108,0.0,,0.0,
ES Ben Aknoun vs. NA Hussein Dey,Football,ahou,over,Algeria,normal,Algeria Ligue 2,fair,2022-12-23,units,1,1.0330578512396695,0.0,,0.0,
ES Ben Aknoun vs. NA Hussein Dey,Football,taou,over,Algeria,normal,Algeria Ligue 2,pin88,2022-12-23,units,3,4.130165289256198,4.130165289256198,,6.081611570247935,1.4724862431215608
ES Mostaganem vs. GC Mascara,Football,ah,home,Algeria,normal,Algeria Ligue 2,fair,2022-12-27,units,4,0.9349173553719008,0.9349173553719008,,0.7231404958677686,0.7734806629834254
ES Sour Ghozlane U21 vs. USM El Harrach U21,Football,1x2,n/a,Algeria,normal,Algeria Ligue 1 U21,fair,2022-11-15,units,1,1.0330578512396695,1.0330578512396695,,-1.0330578512396695,-1.0
ES Sour Ghozlane U21 vs. USM El Harrach U21,Football,ah,away,Algeria,normal,Algeria Ligue 1 U21,fair,2022-11-15,units,1,1.5495867768595042,1.5495867768595042,,-1.5495867768595042,-1.0
Eastern AA vs. Lee Man Warriors FC,Football,ah,away,Hong Kong,normal,Hong Kong Premier League,sharp,2022-11-19,units,1,2.06301652892562,1.0320247933884297,,-1.0340909090909092,-1.0020020020020022
Ecosem Pasco vs. Club Deportivo Garcilaso,Football,ah,home,Peru,normal,Peru Cup,pin88,2022-11-13,units,1,4.131198347107438,4.131198347107438,,3.1735537190082646,0.768192048012003
Ecosem Pasco vs. Club Deportivo Garcilaso,Football,taou,over,Peru,normal,Peru Cup,pin88,2022-11-13,units,1,1.0330578512396695,1.0330578512396695,,1.7241735537190084,1.669
England vs. Iran,Football,ahou,under,International world cup,normal,FIFA World Cup,pin88,2022-11-21,units,1,6.712809917355372,6.712809917355372,,-6.712809917355372,-1.0
England vs. Iran,Football (Half Time Corners),ah,home,International world cup,normal,FIFA World Cup,pin88,2022-11-21,units,3,6.197314049586777,6.197314049586777,,5.446280991735537,0.8788131355225871
England vs. Senegal,Football,taou,over,International world cup,normal,FIFA World Cup,pin88,2022-12-04,units,2,6.196280991735537,6.196280991735537,,-6.196280991735537,-1.0
Esbjerg FB vs. Thisted FC,Football,taou,over,Denmark,normal,Denmark Division 2,pin88,2022-11-23,units,3,9.295454545454545,9.295454545454545,,-4.483471074380165,-0.48232940653478545
Eskisehirspor Kulubu vs. Orduspor,Football (Half Time),1x2,n/a,Turkey,normal,Turkey TFF 3. Lig,fair,2022-11-23,units,1,1.0330578512396695,1.0330578512396695,,-1.0330578512396695,-1.0
Ethiopian Coffee vs. Bahir Dar Kenema FC,Football,ah,away,Ethiopia,normal,Ethiopia Premier League,pin88,2022-11-18,units,1,4.1291322314049586,0.0,,0.0,
Ethiopian Coffee vs. Bahir Dar Kenema FC,Football,taou,over,Ethiopia,normal,Ethiopia Premier League,pin88,2022-11-18,units,1,1.0330578512396695,1.0330578512396695,,2.456611570247934,2.378
FA Tartu Kalev vs. FC Tallinn,Football,ah,away,Estonia,normal,Estonia Esiliiga B,pin88,2022-11-06,units,1,4.131198347107438,4.131198347107438,,-4.131198347107438,-1.0
FA Tartu Kalev vs. FC Tallinn,Football,ahou,over,Estonia,normal,Estonia Esiliiga B,pin88,2022-11-06,units,1,5.1652892561983474,5.1652892561983474,,-5.1652892561983474,-1.0
FA Tartu Kalev vs. FC Tallinn,Football,ahou,under,Estonia,normal,Estonia Esiliiga B,pin88,2022-11-06,units,2,9.295454545454545,9.295454545454545,,7.807851239669422,0.8399644365414537
FAR Rabat Women vs. Mamelodi Sundowns Women,Football,ah,away,International,normal,CAF Women's Champions League,pin88,2022-11-13,units,1,5.1652892561983474,5.1652892561983474,,-5.1652892561983474,-1.0
FAR Rabat Women vs. Mamelodi Sundowns Women,Football,ah,home,International,normal,CAF Women's Champions League,pin88,2022-11-13,units,1,6.195247933884297,6.195247933884297,,4.722107438016529,0.7622144405536101
FB La Rambla Women vs. Levante UD III Women,Football,ah,home,Spain,normal,Primera Nacional de Fútbol Women,pin88,2022-11-13,units,1,1.5475206611570247,1.5475206611570247,,2.675619834710744,1.7289719626168225
FB La Rambla Women vs. Levante UD III Women,Football,ahou,under,Spain,normal,Primera Nacional de Fútbol Women,pin88,2022-11-13,units,1,4.131198347107438,0.0,,0.0,
FC Ashdod U19 vs. Hapoel Herzliya U19,Football,ah,away,Israel,normal,Israel Elite Division U19,ibc,2022-12-17,units,2,1.5526859504132233,1.5526859504132233,,1.3450413223140496,0.8662674650698603
FC Ashdod U19 vs. Hapoel Herzliya U19,Football,taou,over,Israel,normal,Israel Elite Division U19,pin88,2022-12-17,units,1,1.0330578512396695,1.0330578512396695,,-1.0330578512396695,-1.0
FC Bayern München Women vs. SG Essen-Schönebeck Women,Football,taou,over,Germany,normal,Germany Bundesliga Women,pin88,2022-11-27,units,1,1.0330578512396695,1.0330578512396695,,-1.0330578512396695,-1.0
FC Bejaia Women vs. MZ Biskra Women,Football,ah,home,Algeria,normal,Algeria Championship Women,pin88,2022-12-02,units,3,8.262396694214877,4.6477272727272725,,-4.650826446280992,-1.000666814847744
FC Bengaluru United vs. Bangalore Independents,Football,taou,over,India,normal,India Bangalore Super Division,pin88,2022-11-21,units,1,3.0960743801652892,3.0960743801652892,,2.9431818181818183,0.9506172839506173
FC Bihor Oradea vs. FC CFR 1907 Cluj-Napoca II,Football,ah,home,Romania,normal,Romania Division 3,pin88,2022-11-26,units,2,3.097107438016529,3.097107438016529,,2.6291322314049586,0.8488992661774516
FC Bihor Oradea vs. FC CFR 1907 Cluj-Napoca II,Football,taou,over,Romania,normal,Romania Division 3,pin88,2022-11-26,units,2,4.1291322314049586,4.1291322314049586,,1.631198347107438,0.39504628471353515
FC Bihor Oradea vs. FC CFR 1907 Cluj-Napoca II,Football (Half Time),ah,home,Romania,normal,Romania Division 3,pin88,2022-11-26,units,2,8.262396694214877,8.262396694214877,,7.859504132231406,0.9512378094523631
FC Deccan vs. Bangalore Dream United,Football,1x2,n/a,India,normal,India Bangalore Super Division,fair,2022-11-29,units,2,0.6198347107438017,0.6198347107438017,,-0.6198347107438017,-1.0
FC Deccan vs. Bangalore Dream United,Football,ah,away,India,normal,India Bangalore Super Division,fair,2022-11-29,units,1,0.4132231404958678,0.4132231404958678,,-0.4132231404958678,-1.0
FC Deccan vs. Bangalore Dream United,Football (Half Time),1x2,n/a,India,normal,India Bangalore Super Division,fair,2022-11-29,units,1,3.0991735537190084,3.0991735537190084,,2.481404958677686,0.8006666666666666
FC Deccan vs. Bangalore Dream United,Football (Half Time),ou,over,India,normal,India Bangalore Super Division,fair,2022-11-29,units,3,0.496900826446281,0.496900826446281,,-0.49276859504132237,-0.9916839916839917
FC Deccan vs. Bangalore Dream United,Football (Half Time),ou,under,India,normal,India Bangalore Super Division,fair,2022-11-29,units,4,2.040289256198347,2.040289256198347,,1.6890495867768593,0.8278481012658228
FC Emmen vs. FC Dordrecht,Football,ah,n/a,International,normal,Club Friendly,bdaq,2022-12-23,units,2,2.065082644628099,2.065082644628099,,1.5144628099173554,0.7333666833416708
FC Emmen vs. FC Dordrecht,Football (Half Time),ou,over,International,normal,Club Friendly,smk,2022-12-23,units,1,1.0330578512396695,1.0330578512396695,,1.762396694214876,1.706
FC Famalicao Women vs. Clube Atletico Ouriense Women,Football,ah,away,Portugal,normal,Portugal Campeonato Nacional Women,pin88,2022-12-10,units,5,8.258264462809917,0.0,,0.0,
FC Famalicao Women vs. Clube Atletico Ouriense Women,Football,taou,over,Portugal,normal,Portugal Campeonato Nacional Women,pin88,2022-12-10,units,1,1.0330578512396695,1.0330578512396695,,-1.0330578512396695,-1.0
FC Famalicao Women vs. Clube Atletico Ouriense Women,Football (Half Time),ah,away,Portugal,normal,Portugal Campeonato Nacional Women,pin88,2022-12-10,units,1,1.0330578512396695,1.0330578512396695,,-1.0330578512396695,-1.0
FC Hertha Wiesbach vs. TuS Mechtersheim,Football,ahou,over,Germany,normal,Germany Oberliga Rheinland-Pfalz/Saar,fair,2022-12-10,units,7,5.161157024793388,5.161157024793388,,-5.168388429752066,-1.0014011208967175
FC Hertha Wiesbach vs. TuS Mechtersheim,Football,ahou,under,Germany,normal,Germany Oberliga Rheinland-Pfalz/Saar,pin88,2022-12-10,units,1,6.195247933884297,6.195247933884297,,4.833677685950414,0.7802234450558613
FC Kapaz vs. FC Sabah -  dont use,Football,ahou,under,Azerbaijan,normal,Azerbaijan Premier League,ibc,2022-12-14,units,4,2.583677685950413,2.583677685950413,,-2.583677685950413,-1.0
FC Lokomotiv Sofia 1929 vs. FK Vitosha Bistritsa,Football,ah,n/a,Bulgaria,normal,Bulgaria Cup,fair,2022-11-28,units,2,5.160123966942149,5.160123966942149,,-5.159090909090909,-0.9997997997997998
FC Lokomotiv Sofia 1929 vs. FK Vitosha Bistritsa,Football,ahou,over,Bulgaria,normal,Bulgaria Cup,fair,2022-11-28,units,4,3.06404958677686,0.0,,0.0,
FC Meghalaya vs. United Sikkim FC,Football,ah,home,India,normal,India Santosh Trophy,pin88,2022-12-24,units,1,1.0330578512396695,0.5165289256198348,,-0.5165289256198348,-1.0
FC Municipal Alexandria vs. ACS Vedita Colonesti,Football,ahou,over,Romania,normal,Romania Division 3,molly,2022-11-25,units,1,0.2066115702479339,0.2066115702479339,,-0.2066115702479339,-1.0
FC Municipal Alexandria vs. ACS Vedita Colonesti,Football,ahou,over,Romania,normal,Romania Division 3,pin88,2022-11-25,units,2,4.43801652892562,4.43801652892562,,2.21900826446281,0.5
FC Municipal Alexandria vs. ACS Vedita Colonesti,Football,ou,over,Romania,normal,Romania Division 3,fair,2022-11-25,units,1,2.066115702479339,2.066115702479339,,-2.066115702479339,-1.0
FC Municipal Alexandria vs. Universitatea Craiova II,Football,ahou,under,Romania,normal,Romania Division 3,pin88,2022-11-13,units,1,3.0981404958677685,1.5485537190082646,,1.2086776859504134,0.780520346897932
FC Rosengard Women vs. FC Bayern München Women,Football,ah,home,FIFA Region: UEFA (Europe),normal,UEFA Champions League Women,isn,2022-12-15,units,1,3.0991735537190084,3.0991735537190084,,-3.0991735537190084,-1.0
FC SA Botoşani vs. Steaua Bucharest (FCSB),Football,ah,away,Romania,normal,Romania Cupa Romaniei,isn,2022-12-08,units,1,3.0485537190082646,3.0485537190082646,,2.9669421487603307,0.9732294137580481
FC SA Botoşani vs. Steaua Bucharest (FCSB),Football,ah,n/a,Romania,normal,Romania Cupa Romaniei,fair,2022-12-08,units,1,0.2066115702479339,0.2066115702479339,,1.0599173553719008,5.13
FC SA Botoşani vs. Steaua Bucharest (FCSB),Football,ahou,over,Romania,normal,Romania Cupa Romaniei,fair,2022-12-08,units,3,0.5733471074380165,0.2871900826446281,,-0.2892561983471075,-1.0071942446043165
FC SA Botoşani vs. Steaua Bucharest (FCSB),Football,ahou,under,Romania,normal,Romania Cupa Romaniei,isn,2022-12-08,units,1,3.0485537190082646,1.5247933884297522,,1.422520661157025,0.9329268292682927
FC SA Botoşani vs. Steaua Bucharest (FCSB),Football,taou,over,Romania,normal,Romania Cupa Romaniei,pin88,2022-12-08,units,1,1.0330578512396695,1.0330578512396695,,2.2293388429752063,2.158
FC SA Botoşani vs. Steaua Bucharest (FCSB),Football (Half Time),1x2,n/a,Romania,normal,Romania Cupa Romaniei,bdaq,2022-12-08,units,2,0.5154958677685951,0.5154958677685951,,-0.5154958677685951,-1.0
FC SA Botoşani vs. Steaua Bucharest (FCSB),Football (Half Time),ah,away,Romania,normal,Romania Cupa Romaniei,pin88,2022-12-08,units,1,2.0640495867768593,0.0,,0.0,
FC Sabah -  dont use vs. Qaradağ Lökbatan FK,Football,ah,away,Azerbaijan,normal,Azerbaijan Cup,pin88,2022-11-23,units,3,10.324380165289256,10.324380165289256,,-10.324380165289256,-1.0
FC Sabah -  dont use vs. Qaradağ Lökbatan FK,Football,ah,home,Azerbaijan,normal,Azerbaijan Cup,ibc,2022-11-23,units,1,3.1053719008264467,3.1053719008264467,,2.6280991735537187,0.8463073852295407
FC Sabah -  dont use vs. Qaradağ Lökbatan FK,Football,ah,n/a,Azerbaijan,normal,Azerbaijan Cup,fair,2022-11-23,units,3,4.742768595041322,4.742768595041322,,4.542355371900826,0.957743411021564
FC Sabah -  dont use vs. Qaradağ Lökbatan FK,Football,ahou,over,Azerbaijan,normal,Azerbaijan Cup,fair,2022-11-23,units,3,2.06301652892562,2.06301652892562,,1.93801652892562,0.9394091136705058
FC Sabah -  dont use vs. Qaradağ Lökbatan FK,Football (Half Time),ah,home,Azerbaijan,normal,Azerbaijan Cup,ibc,2022-11-23,units,3,5.15495867768595,5.15495867768595,,4.279958677685951,0.8302605210420843
FC Sabah -  dont use vs. Qaradağ Lökbatan FK,Football (Half Time),ah,home,Azerbaijan,normal,Azerbaijan Cup,pin88,2022-11-23,units,1,2.0640495867768593,2.0640495867768593,,1.8739669421487604,0.907907907907908
FC Schalke 04 U19 vs. Verl U19,Football,ah,home,Germany,normal,Germany Bundesliga (A-Junioren) U19,pin88,2022-11-19,units,2,2.066115702479339,2.066115702479339,,-2.066115702479339,-1.0
FC Schalke 04 U19 vs. Verl U19,Football,taou,over,Germany,normal,Germany Bundesliga (A-Junioren) U19,pin88,2022-11-19,units,2,4.1291322314049586,0.0,,0.0,
FC Slovan Liberec vs. Bohemians 1905,Football,ahou,under,Czech Republic,normal,Czech Republic Tipsport Winter League,pin88,2022-11-30,units,1,6.196280991735537,6.196280991735537,,-6.196280991735537,-1.0
FC Talanta vs. Ulinzi Stars,Football,ahou,under,Kenya,normal,Kenya Premier League,fair,2022-12-21,units,2,2.178719008264463,2.178719008264463,,1.587809917355372,0.7287814129919392
FC Talanta vs. Ulinzi Stars,Football,ou,over,Kenya,normal,Kenya Premier League,fair,2022-12-21,units,2,2.4886363636363638,2.4886363636363638,,-2.489669421487603,-1.0004151100041512
FC Talanta vs. Ulinzi Stars,Football,ou,over,Kenya,normal,Kenya Premier League,smk,2022-12-21,units,1,0.07128099173553719,0.07128099173553719,,-0.07128099173553719,-1.0
FC ViOn Zlaté Moravce U19 vs. FK AS Trencin U19,Football,ah,away,Slovakia (Slovak Republic),normal,Slovakia League U19,ibc,2022-11-30,units,2,1.1549586776859504,1.1549586776859504,,1.4056473829201102,1.2170542635658914
FC ViOn Zlaté Moravce U19 vs. FK AS Trencin U19,Football,ah,away,Slovakia (Slovak Republic),normal,Slovakia League U19,pin88,2022-11-30,units,1,1.9390495867768596,1.9390495867768596,,-1.9390495867768596,-1.0
FC WIT Georgia vs. Aragvi Dusheti,Football,1x2,n/a,Georgia,normal,Georgia Erovnuli Liga 2,pin88,2022-12-06,units,1,1.0330578512396695,1.0330578512396695,,-1.0330578512396695,-1.0
FC WIT Georgia vs. Aragvi Dusheti,Football (Half Time),ah,away,Georgia,normal,Georgia Erovnuli Liga 2,pin88,2022-12-06,units,2,3.097107438016529,0.0,,0.0,
FC Zürich vs. FC Dornbirn 1913,Football,1x2,n/a,International,normal,Club Friendly,smk,2022-12-09,units,2,0.30165289256198347,0.30165289256198347,,0.14979338842975207,0.4965753424657534
FC Zürich vs. FC Dornbirn 1913,Football (Half Time),1x2,n/a,International,normal,Club Friendly,smk,2022-12-09,units,1,0.5165289256198348,0.5165289256198348,,5.776859504132231,11.184
FCV Dender EH Reserves vs. RWD Molenbeek Reserves,Football,ahou,over,Belgium,normal,Belgium Reserve League 1/2,fair,2022-11-28,units,2,3.0991735537190084,3.0991735537190084,,-3.0991735537190084,-1.0
FCV Dender EH Reserves vs. RWD Molenbeek Reserves,Football,ou,over,Belgium,normal,Belgium Reserve League 1/2,fair,2022-11-28,units,3,3.097107438016529,3.097107438016529,,-3.0960743801652892,-0.9996664442961974
FCV Dender EH Reserves vs. RWD Molenbeek Reserves,Football,taou,over,Belgium,normal,Belgium Reserve League 1/2,pin88,2022-11-28,units,2,2.066115702479339,2.066115702479339,,3.0950413223140494,1.498
FK AS Trencin U19 vs. FK Poprad U19,Football,ah,home,Slovakia (Slovak Republic),normal,Slovakia League U19,pin88,2022-11-11,units,3,4.130165289256198,3.6136363636363638,,2.084710743801653,0.5769010863350486
FK AS Trencin U19 vs. FK Poprad U19,Football,ou,over,Slovakia (Slovak Republic),normal,Slovakia League U19,fair,2022-11-11,units,4,0.5010330578512397,0.5010330578512397,,-0.5,-0.9979381443298968
FK AS Trenčín vs. FC Spartak Trnava,Football,ah,home,Czech Republic,normal,Czech Republic Tipsport Winter League,bdaq,2022-11-29,units,1,4.132231404958678,4.132231404958678,,3.8419421487603302,0.92975
FK AS Trenčín vs. FC Spartak Trnava,Football,taou,over,Czech Republic,normal,Czech Republic Tipsport Winter League,pin88,2022-11-29,units,3,6.197314049586777,6.197314049586777,,1.9793388429752066,0.31938656442740454
FK AS Trenčín vs. Spartak Myjava,Football,ahou,over,Slovakia (Slovak Republic),normal,Slovakia Cup,fair,2022-11-09,units,1,2.024793388429752,2.024793388429752,,1.93801652892562,0.9571428571428572
FK Crvena Zvezda U19 vs. FK Radnicki 1923 U19,Football,ahou,over,Serbia,normal,Serbia League U19,pin88,2022-11-06,units,1,1.5495867768595042,1.5495867768595042,,-1.5495867768595042,-1.0
FK Crvena Zvezda U19 vs. FK Radnicki 1923 U19,Football,ahou,under,Serbia,normal,Serbia League U19,pin88,2022-11-06,units,1,4.131198347107438,2.066115702479339,,1.4638429752066116,0.7085
FK Csikszereda Miercurea Ciuc II vs. ACS Rapid CFR Suceava,Football,ah,away,Romania,normal,Romania Division 3,pin88,2022-11-04,units,1,1.0330578512396695,1.0330578512396695,,1.6828512396694215,1.629
FK Dziugas vs. FC Neptunas Klaipeda,Football,ahou,over,Lithuania,normal,Lithuania A Lyga,fair,2022-11-30,units,2,3.09400826446281,3.09400826446281,,-3.09400826446281,-1.0
FK Dziugas vs. FC Neptunas Klaipeda,Football,ahou,over,Lithuania,normal,Lithuania A Lyga,ibc,2022-11-30,units,1,4.136363636363637,4.136363636363637,,-4.136363636363637,-1.0
FK Dziugas vs. FC Neptunas Klaipeda,Football,taou,over,Lithuania,normal,Lithuania A Lyga,pin88,2022-11-30,units,1,3.0960743801652892,0.0,,0.0,
FK Dziugas vs. FC Neptunas Klaipeda,Football (Half Time),1x2,n/a,Lithuania,normal,Lithuania A Lyga,fair,2022-11-30,units,1,0.5165289256198348,0.5165289256198348,,-0.5165289256198348,-1.0
FK Dziugas vs. FC Neptunas Klaipeda,Football (Half Time),ou,over,Lithuania,normal,Lithuania A Lyga,fair,2022-11-30,units,4,4.119834710743802,4.119834710743802,,-4.121900826446281,-1.0005015045135406
FK Ekranas vs. VMFD Zalgiris Vilnius II,Football,ah,away,Lithuania,normal,Lithuania 1 Lyga,pin88,2022-11-05,units,2,5.162190082644628,0.0,,0.0,
FK Mladá Boleslav vs. MFK Chrudim,Football,taou,over,Czech Republic,normal,Czech Republic Tipsport Winter League,pin88,2022-12-02,units,1,3.0981404958677685,3.0981404958677685,,-3.0981404958677685,-1.0
FK Teplice vs. FC Graffin Vlašim,Football,ahou,over,Czech Republic,normal,Czech Republic Tipsport Winter League,fair,2022-11-25,units,1,1.2427685950413225,1.2427685950413225,,1.0805785123966942,0.8694929343308394
FK Teplice vs. FC Graffin Vlašim,Football,ahou,over,Czech Republic,normal,Czech Republic Tipsport Winter League,pin88,2022-11-25,units,1,0.8212809917355373,0.8212809917355373,,0.7076446280991736,0.8616352201257862
FK Teplice vs. FC Graffin Vlašim,Football,taou,over,Czech Republic,normal,Czech Republic Tipsport Winter League,pin88,2022-11-25,units,2,3.0991735537190084,1.0330578512396695,,1.538223140495868,1.489
FK Teplice vs. FK Pardubice,Football,ah,away,Czech Republic,normal,Czech Republic Tipsport Winter League,pin88,2022-11-29,units,2,4.131198347107438,4.131198347107438,,-4.131198347107438,-1.0
FK Teplice vs. FK Pardubice,Football,ah,home,Czech Republic,normal,Czech Republic Tipsport Winter League,pin88,2022-11-29,units,1,5.1652892561983474,0.0,,0.0,
FK Teplice vs. FK Pardubice,Football,ahou,over,Czech Republic,normal,Czech Republic Tipsport Winter League,fair,2022-11-29,units,1,1.0309917355371903,1.0309917355371903,,-1.0299586776859504,-0.9989979959919839
FK Teplice vs. FK Pardubice,Football,taou,over,Czech Republic,normal,Czech Republic Tipsport Winter League,pin88,2022-11-29,units,2,3.0991735537190084,3.0991735537190084,,-3.0991735537190084,-1.0
FK Tomori Berat vs. KS Flamurtari Vlorë,Football,ah,away,Albania,normal,Albania Division 1 (Kategoria e Parë),ibc,2022-12-12,units,5,6.981404958677686,6.981404958677686,,-6.981404958677686,-1.0
FK Viktoria Žižkov vs. FC Slovan Liberec,Football,1x2,n/a,Czech Republic,normal,Czech Republic Tipsport Winter League,fair,2022-12-07,units,1,2.5258264462809916,2.5258264462809916,,-2.5258264462809916,-1.0
FK Viktoria Žižkov vs. FC Slovan Liberec,Football,ah,home,Czech Republic,normal,Czech Republic Tipsport Winter League,ibc,2022-12-07,units,2,2.6332644628099175,2.6332644628099175,,-2.6332644628099175,-1.0
FK Viktoria Žižkov vs. FC Slovan Liberec,Football,ah,n/a,Czech Republic,normal,Czech Republic Tipsport Winter League,bdaq,2022-12-07,units,1,0.5165289256198348,0.5165289256198348,,-0.5165289256198348,-1.0
FK Viktoria Žižkov vs. FC Slovan Liberec,Football,ahou,over,Czech Republic,normal,Czech Republic Tipsport Winter League,fair,2022-12-07,units,3,3.0867768595041323,3.0867768595041323,,2.7778925619834713,0.8999330655957162
FK Viktoria Žižkov vs. FC Slovan Liberec,Football,ahou,over,Czech Republic,normal,Czech Republic Tipsport Winter League,pin88,2022-12-07,units,1,1.0330578512396695,1.0330578512396695,,1.2386363636363635,1.199
FK Viktoria Žižkov vs. FC Slovan Liberec,Football,ahou,under,Czech Republic,normal,Czech Republic Tipsport Winter League,molly,2022-12-07,units,1,2.066115702479339,2.066115702479339,,-2.066115702479339,-1.0
FK Viktoria Žižkov vs. FC Slovan Liberec,Football,ahou,under,Czech Republic,normal,Czech Republic Tipsport Winter League,pin88,2022-12-07,units,2,8.262396694214877,8.262396694214877,,-8.262396694214877,-1.0
FK Viktoria Žižkov vs. FC Slovan Liberec,Football (Half Time),ah,home,Czech Republic,normal,Czech Republic Tipsport Winter League,pin88,2022-12-07,units,2,2.066115702479339,0.0,,0.0,
FK Vojvodina U19 vs. FK Crvena Zvezda U19,Football,ah,away,Serbia,normal,Serbia League U19,pin88,2022-11-09,units,1,1.0330578512396695,1.0330578512396695,,0.7820247933884298,0.757
FK Vojvodina U19 vs. FK Crvena Zvezda U19,Football,taou,over,Serbia,normal,Serbia League U19,pin88,2022-11-09,units,1,1.0330578512396695,1.0330578512396695,,2.4049586776859506,2.3280000000000003
FSV Duisburg vs. SV 1919 Sonsbeck,Football,ah,away,Germany,normal,Germany Oberliga Niederrhein,pin88,2022-11-13,units,1,5.1652892561983474,2.5826446280991737,,2.5299586776859506,0.9796
FSV Duisburg vs. SV 1919 Sonsbeck,Football,ahou,over,Germany,normal,Germany Oberliga Niederrhein,pin88,2022-11-13,units,2,2.066115702479339,2.066115702479339,,1.6446280991735538,0.7959999999999999
FSV Duisburg vs. SV 1919 Sonsbeck,Football,taou,over,Germany,normal,Germany Oberliga Niederrhein,pin88,2022-11-13,units,1,1.0330578512396695,1.0330578512396695,,-1.0330578512396695,-1.0
Fatih Karagümrük SK vs. Kirsehir Belediyespor,Football,taou,over,Turkey,normal,Turkey Cup (Fortis Cup),pin88,2022-11-10,units,1,2.5826446280991737,2.5826446280991737,,3.1477272727272725,1.2187999999999999
Fatih Karagümrük SK vs. Kirsehir Belediyespor,Football,taou,under,Turkey,normal,Turkey Cup (Fortis Cup),pin88,2022-11-10,units,1,3.612603305785124,3.612603305785124,,-3.612603305785124,-1.0
Fc Vizela U23 vs. Rio Ave FC U23,Football,ahou,under,Portugal,normal,Portugal Liga Revelacao U23,fair,2022-12-20,units,1,1.0309917355371903,1.0309917355371903,,-1.0299586776859504,-0.9989979959919839
Fc Vizela U23 vs. Rio Ave FC U23,Football,ahou,under,Portugal,normal,Portugal Liga Revelacao U23,ibc,2022-12-20,units,2,1.1549586776859504,1.1549586776859504,,-1.1549586776859504,-1.0
Fc Vizela U23 vs. Rio Ave FC U23,Football,ahou,under,Portugal,normal,Portugal Liga Revelacao U23,molly,2022-12-20,units,1,0.3646694214876033,0.3646694214876033,,-0.3646694214876033,-1.0
Felixstowe & Walton United vs. Coggeshall Town FC,Football,ah,away,England,normal,England Isthmian League Division 1 North,fair,2022-12-27,units,2,1.962809917355372,0.9297520661157025,,-0.9297520661157025,-1.0
Felixstowe & Walton United vs. Coggeshall Town FC,Football,ah,away,England,normal,England Isthmian League Division 1 North,pin88,2022-12-27,units,3,5.164256198347108,0.0,,0.0,
Felixstowe & Walton United vs. Coggeshall Town FC,Football,ah,home,England,normal,England Isthmian League Division 1 North,pin88,2022-12-27,units,1,2.0640495867768593,2.0640495867768593,,-2.0640495867768593,-1.0
Felixstowe & Walton United vs. Coggeshall Town FC,Football,ahou,over,England,normal,England Isthmian League Division 1 North,pin88,2022-12-27,units,1,2.0640495867768593,2.0640495867768593,,-2.0640495867768593,-1.0
Felixstowe & Walton United vs. Coggeshall Town FC,Football,taou,over,England,normal,England Isthmian League Division 1 North,pin88,2022-12-27,units,1,6.195247933884297,6.195247933884297,,-6.195247933884297,-1.0
Felixstowe & Walton United vs. Coggeshall Town FC,Football (Half Time),1x2,n/a,England,normal,England Isthmian League Division 1 North,fair,2022-12-27,units,2,0.9235537190082646,0.9235537190082646,,-0.9235537190082646,-1.0
Fgura United FC vs. Vittoriosa Stars,Football,ah,away,Malta,normal,Malta Challenge League,pin88,2022-12-08,units,1,5.1652892561983474,5.1652892561983474,,-5.1652892561983474,-1.0
Fgura United FC vs. Vittoriosa Stars,Football,ah,home,Malta,normal,Malta Challenge League,pin88,2022-12-08,units,1,1.0330578512396695,1.0330578512396695,,0.8316115702479339,0.8049999999999999
Fgura United FC vs. Vittoriosa Stars,Football,ahou,over,Malta,normal,Malta Challenge League,fair,2022-12-08,units,3,2.556818181818182,2.556818181818182,,-2.556818181818182,-1.0
Fgura United FC vs. Vittoriosa Stars,Football,ou,over,Malta,normal,Malta Challenge League,molly,2022-12-08,units,1,1.0330578512396695,1.0330578512396695,,1.0609504132231404,1.027
Finland U19 Women vs. Sweden U19 Women,Football,1x2,n/a,International,normal,International Friendly U19 Women,pin88,2022-11-14,units,1,3.0991735537190084,3.0991735537190084,,-3.0991735537190084,-1.0
Finland U19 Women vs. Sweden U19 Women,Football,ahou,under,International,normal,International Friendly U19 Women,pin88,2022-11-14,units,2,3.0991735537190084,3.0991735537190084,,-3.0991735537190084,-1.0
Fortuna Düsseldorf vs. VBV De Graafschap,Football,ah,home,International,normal,Club Friendly,pin88,2022-11-29,units,1,6.198347107438017,6.198347107438017,,5.287190082644628,0.853
Fortuna Düsseldorf vs. VBV De Graafschap,Football,ahou,over,International,normal,Club Friendly,bdaq,2022-11-29,units,3,6.198347107438017,6.198347107438017,,-6.198347107438017,-1.0
Fortuna Düsseldorf vs. VBV De Graafschap,Football,ahou,under,International,normal,Club Friendly,bdaq,2022-11-29,units,1,10.330578512396695,10.330578512396695,,-10.330578512396695,-1.0
Fortuna Düsseldorf vs. VBV De Graafschap,Football,taou,over,International,normal,Club Friendly,pin88,2022-11-29,units,2,8.261363636363637,8.261363636363637,,-2.2995867768595044,-0.2783543828935851
Fortuna Düsseldorf vs. VBV De Graafschap,Football (Half Time),1x2,n/a,International,normal,Club Friendly,bdaq,2022-11-29,units,1,0.2066115702479339,0.2066115702479339,,-0.2066115702479339,-1.0
Fortuna Düsseldorf vs. VBV De Graafschap,Football (Half Time),1x2,n/a,International,normal,Club Friendly,smk,2022-11-29,units,1,0.4090909090909091,0.4090909090909091,,-0.4090909090909091,-1.0
France U20 vs. Japan U19,Football,ah,away,International,normal,Club Friendly,pin88,2022-11-21,units,2,3.0991735537190084,3.0991735537190084,,-3.0991735537190084,-1.0
France U20 vs. Japan U19,Football,ah,home,International,normal,Club Friendly,pin88,2022-11-21,units,1,8.264462809917356,8.264462809917356,,-8.264462809917356,-1.0
France U20 vs. Japan U19,Football,ah,home,International,normal,Club Friendly,sharp,2022-11-21,units,2,1.2386363636363635,1.2386363636363635,,-1.2386363636363635,-1.0
France U20 vs. Japan U19,Football,ahou,under,International,normal,Club Friendly,sharp,2022-11-21,units,2,12.396694214876034,0.0,,0.0,
France vs. Australia,Football,ah,home,International world cup,normal,FIFA World Cup,sbo,2022-11-22,units,1,10.321280991735538,10.321280991735538,,11.219008264462811,1.086978280452407
GKS Tychy vs. Ruch Chorzow,Football,taou,over,International,normal,Club Friendly,pin88,2022-12-09,units,1,2.066115702479339,2.066115702479339,,-2.066115702479339,-1.0
Galatasaray SK U19 vs. Ankaraspor AS U19,Football,ahou,over,Turkey,normal,Turkey Elite League U19,pin88,2022-11-26,units,5,12.390495867768594,12.390495867768594,,10.354338842975206,0.8356678339169585
Galatasaray SK U19 vs. Ankaraspor AS U19,Football,taou,over,Turkey,normal,Turkey Elite League U19,pin88,2022-11-26,units,2,3.097107438016529,3.097107438016529,,2.697314049586777,0.8709139426284189
Galatasaray SK U19 vs. Ankaraspor AS U19,Football (Half Time),ah,home,Turkey,normal,Turkey Elite League U19,pin88,2022-11-26,units,1,1.0330578512396695,1.0330578512396695,,-1.0330578512396695,-1.0
Galatasaray SK U19 vs. Ankaraspor AS U19,Football (Half Time),ahou,over,Turkey,normal,Turkey Elite League U19,pin88,2022-11-26,units,1,2.0640495867768593,2.0640495867768593,,1.5733471074380165,0.7622622622622622
Galatasaray SK U19 vs. Hatayspor U19,Football,taou,over,Turkey,normal,Turkey Elite League U19,pin88,2022-12-10,units,1,1.0330578512396695,1.0330578512396695,,-1.0330578512396695,-1.0
Galatasaray SK vs. Ofspor Trabzon,Football,ah,away,Turkey,normal,Turkey Cup (Fortis Cup),pin88,2022-11-08,units,1,5.1652892561983474,5.1652892561983474,,4.1570247933884295,0.8048
Galatasaray SK vs. Ofspor Trabzon,Football,ahou,under,Turkey,normal,Turkey Cup (Fortis Cup),pin88,2022-11-08,units,1,2.580578512396694,2.580578512396694,,2.146694214876033,0.8318654923939152
Georgia U21 vs. Israel U21,Football,ah,home,International,normal,International Friendly U21,isn,2022-11-16,units,1,2.021694214876033,2.021694214876033,,-2.021694214876033,-1.0
Georgia U21 vs. Israel U21,Football,ahou,under,International,normal,International Friendly U21,isn,2022-11-16,units,4,3.93904958677686,3.93904958677686,,-3.93904958677686,-1.0
Georgia U21 vs. Israel U21,Football,ahou,under,International,normal,International Friendly U21,sharp,2022-11-16,units,1,2.066115702479339,2.066115702479339,,-2.066115702479339,-1.0
Germany vs. Japan,Football,ah,away,International world cup,normal,FIFA World Cup,fair,2022-11-23,units,1,1.0330578512396695,1.0330578512396695,,3.6394628099173554,3.523
Germany vs. Japan,Football,ah,home,International world cup,normal,FIFA World Cup,pin88,2022-11-23,units,1,2.066115702479339,2.066115702479339,,-2.066115702479339,-1.0
Germany vs. Japan,Football,ah,home,International world cup,normal,FIFA World Cup,sharp,2022-11-23,units,1,2.06301652892562,2.06301652892562,,-2.06301652892562,-1.0
Germany vs. Japan,Football,taou,over,International world cup,normal,FIFA World Cup,pin88,2022-11-23,units,1,1.0330578512396695,1.0330578512396695,,-1.0330578512396695,-1.0
Germany vs. Japan,Football (Half Time Corners),ahou,over,International world cup,normal,FIFA World Cup,pin88,2022-11-23,units,3,5.1652892561983474,5.1652892561983474,,-5.1652892561983474,-1.0
Glentoran FC U20 vs. Portadown FC U20,Football,ah,home,Northern Ireland,normal,Northern Ireland Premiership Development League U20,pin88,2022-12-05,units,1,4.131198347107438,4.131198347107438,,3.7138429752066116,0.8989747436859215
Gornik Zabrze vs. Odra Opole,Football,ah,home,International,normal,Club Friendly,pin88,2022-11-25,units,1,4.132231404958678,4.132231404958678,,3.619834710743802,0.876
Goytacaz FC (RJ) vs. Belfort Roxo Futebol Clube RJ,Football,ah,home,Brazil,normal,Brazil Campeonato Carioca Serie B (RJ),pin88,2022-11-13,units,1,1.0330578512396695,1.0330578512396695,,0.881198347107438,0.853
Greece Women vs. Cyprus Women,Football,ah,home,International,normal,International Friendly Women,isn,2022-11-14,units,1,0.984504132231405,0.984504132231405,,-0.984504132231405,-1.0
Grimsby Town vs. Manchester City U21,Football,ah,away,England,normal,England Football League Trophy (EFL),pin88,2022-11-08,units,1,4.866735537190083,2.4338842975206614,,-2.434917355371901,-1.0004244482173172
Grimsby Town vs. Manchester City U21,Football,ah,n/a,England,normal,England Football League Trophy (EFL),fair,2022-11-08,units,2,5.979338842975206,2.989669421487603,,2.329545454545455,0.7791983413959919
Grimsby Town vs. Manchester City U21,Football,ahou,under,England,normal,England Football League Trophy (EFL),fair,2022-11-08,units,1,1.0330578512396695,1.0330578512396695,,0.8274793388429753,0.801
Grimsby Town vs. Manchester City U21,Football,ahou,under,England,normal,England Football League Trophy (EFL),pin88,2022-11-08,units,1,2.066115702479339,2.066115702479339,,1.8780991735537191,0.909
Guangzhou Evergrande FC vs. Cangzhou Mighty Lions FC,Football,ah,away,China,normal,China Super League,isn,2022-11-04,units,1,2.066115702479339,2.066115702479339,,-2.066115702479339,-1.0
Guangzhou Evergrande FC vs. Cangzhou Mighty Lions FC,Football,ah,away,China,normal,China Super League,pin88,2022-11-04,units,1,2.066115702479339,2.066115702479339,,-2.066115702479339,-1.0
Gulf Heroes FC vs. Al Jazira Al Hamra,Football,ah,home,United Arab Emirates,normal,UAE Division 1,pin88,2022-11-13,units,1,2.0640495867768593,2.0640495867768593,,-2.0640495867768593,-1.0
Gulf Heroes FC vs. Al Jazira Al Hamra,Football,ahou,over,United Arab Emirates,normal,UAE Division 1,pin88,2022-11-13,units,1,1.0330578512396695,0.0,,0.0,
Gulf Heroes FC vs. Al Jazira Al Hamra,Football,taou,over,United Arab Emirates,normal,UAE Division 1,pin88,2022-11-13,units,1,1.0330578512396695,1.0330578512396695,,-1.0330578512396695,-1.0
Gulf Heroes FC vs. Al Jazira Al Hamra,Football (Half Time),1x2,n/a,United Arab Emirates,normal,UAE Division 1,pin88,2022-11-13,units,1,1.0330578512396695,1.0330578512396695,,-1.0330578512396695,-1.0
HNK Sibenik U19 vs. NK Rudes U19,Football (Half Time),ah,home,Croatia (Hrvatska),normal,Croatia 1. HNL Juniori U19,pin88,2022-11-26,units,1,3.614669421487603,0.0,,0.0,
Hang Yuan FC vs. Kaohsiung Taipower,Football,taou,over,Taiwan,normal,Taiwan Football Premier League,pin88,2022-11-20,units,3,3.0991735537190084,3.0991735537190084,,-3.0991735537190084,-1.0
Hapoel Azor vs. AC Hamachtesh Givataim,Football,ah,away,Israel,normal,Israel Division 4 (Liga Bet),fair,2022-12-16,units,1,2.7830578512396693,0.0,,0.0,
Hapoel Azor vs. AC Hamachtesh Givataim,Football,ah,away,Israel,normal,Israel Division 4 (Liga Bet),pin88,2022-12-16,units,1,3.0981404958677685,1.5485537190082646,,-1.5506198347107438,-1.0013342228152102
Hapoel Azor vs. AC Hamachtesh Givataim,Football,ah,home,Israel,normal,Israel Division 4 (Liga Bet),pin88,2022-12-16,units,1,1.0330578512396695,1.0330578512396695,,-1.0330578512396695,-1.0
Hapoel Azor vs. AC Hamachtesh Givataim,Football,ah,n/a,Israel,normal,Israel Division 4 (Liga Bet),fair,2022-12-16,units,3,2.5826446280991737,0.0,,0.0,
Hapoel Azor vs. AC Hamachtesh Givataim,Football,ahou,over,Israel,normal,Israel Division 4 (Liga Bet),fair,2022-12-16,units,2,1.0330578512396695,0.5165289256198348,,-0.5165289256198348,-1.0
Hapoel Bnei Lod vs. Hapoel Segev Shalom,Football,ah,home,Israel,normal,Israel Division 4 (Liga Bet),ibc,2022-11-11,units,1,3.1053719008264467,3.1053719008264467,,-3.1053719008264467,-1.0
Hapoel Bnei Lod vs. Hapoel Segev Shalom,Football,ah,home,Israel,normal,Israel Division 4 (Liga Bet),pin88,2022-11-11,units,1,3.0960743801652892,3.0960743801652892,,-3.0960743801652892,-1.0
Hapoel Bnei Lod vs. Hapoel Segev Shalom,Football,ahou,over,Israel,normal,Israel Division 4 (Liga Bet),fair,2022-11-11,units,2,3.097107438016529,3.097107438016529,,2.5795454545454546,0.83288859239493
Hapoel Bnei Lod vs. Hapoel Segev Shalom,Football,taou,over,Israel,normal,Israel Division 4 (Liga Bet),pin88,2022-11-11,units,1,2.066115702479339,2.066115702479339,,3.385330578512397,1.6385
Hapoel Bnei Lod vs. Maccabi Ironi Netivot,Football,ahou,over,Israel,normal,Israel Division 4 (Liga Bet),fair,2022-12-16,units,6,6.081611570247935,6.081611570247935,,4.888429752066116,0.8038049940546967
Hapoel Bnei Lod vs. Maccabi Ironi Netivot,Football (Half Time),1x2,n/a,Israel,normal,Israel Division 4 (Liga Bet),fair,2022-12-16,units,1,0.5165289256198348,0.5165289256198348,,-0.5165289256198348,-1.0
Hapoel Bnei Lod vs. Maccabi Ironi Netivot,Football (Half Time),ah,home,Israel,normal,Israel Division 4 (Liga Bet),pin88,2022-12-16,units,2,2.066115702479339,2.066115702479339,,-2.066115702479339,-1.0
Hapoel Bnei Lod vs. Maccabi Ironi Netivot,Football (Half Time),ahou,over,Israel,normal,Israel Division 4 (Liga Bet),ibc,2022-12-16,units,3,1.428719008264463,1.428719008264463,,1.2262396694214877,0.8582791033984092
Hapoel Bnei Lod vs. Maccabi Ironi Netivot,Football (Half Time),ahou,over,Israel,normal,Israel Division 4 (Liga Bet),pin88,2022-12-16,units,1,1.9421487603305785,1.9421487603305785,,1.7964876033057853,0.925
Hapoel Bnei Zalfa vs. MS Tira,Football,taou,over,Israel,normal,Israel Division 3 (Liga Alef),pin88,2022-11-11,units,1,3.0960743801652892,3.0960743801652892,,3.03099173553719,0.978978978978979
Hapoel Bnei Zalfa vs. MS Tira,Football (Half Time),ou,over,Israel,normal,Israel Division 3 (Liga Alef),fair,2022-11-11,units,2,2.0640495867768593,2.0640495867768593,,1.756198347107438,0.8508508508508509
Hapoel Hadera U19 vs. Irony Nir Ramat Hasharon U19,Football,ah,home,Israel,normal,Israel Elite Division U19,pin88,2022-11-09,units,1,3.0981404958677685,3.0981404958677685,,-3.0981404958677685,-1.0
Hapoel Herzliya U19 vs. Hapoel Pardesiya U19,Football (Half Time),1x2,n/a,Israel,normal,Israel Elite Division U19,fair,2022-12-25,units,1,1.1363636363636365,1.1363636363636365,,-1.1363636363636365,-1.0
Hapoel Ironi Gedera vs. Hapoel Bnei Ashdod FC,Football,ahou,under,Israel,normal,Israel Division 4 (Liga Bet),fair,2022-11-04,units,5,16.519628099173556,4.130165289256198,,2.962809917355372,0.7173586793396699
Hapoel Ironi Gedera vs. Hapoel Bnei Ashdod FC,Football,score,n/a,Israel,normal,Israel Division 4 (Liga Bet),fair,2022-11-04,units,3,0.484504132231405,0.484504132231405,,-0.484504132231405,-1.0
Hapoel Ironi Herzliya FC vs. Hapoel Kfar Shalem,Football (Half Time),1x2,n/a,Israel,normal,Israel Division 3 (Liga Alef),fair,2022-12-09,units,1,0.8264462809917356,0.8264462809917356,,-0.8264462809917356,-1.0
Hapoel Ironi Herzliya FC vs. Hapoel Kfar Shalem,Football (Half Time),ah,home,Israel,normal,Israel Division 3 (Liga Alef),ibc,2022-12-09,units,1,4.136363636363637,0.0,,0.0,
Hapoel Ironi Petah Tikva Women vs. AS Tel Aviv University Women,Football,ah,home,Israel,normal,Israel Ligat Al Women,pin88,2022-11-28,units,1,4.131198347107438,2.066115702479339,,-2.0671487603305785,-1.0005
Hapoel Ironi Petah Tikva Women vs. Maccabi Kishronot Hadera Women,Football,ah,home,Israel,normal,Israel Ligat Al Women,fair,2022-12-05,units,1,3.0991735537190084,3.0991735537190084,,3.4524793388429753,1.114
Hapoel Ironi Petah Tikva Women vs. Maccabi Kishronot Hadera Women,Football (Half Time),ah,home,Israel,normal,Israel Ligat Al Women,pin88,2022-12-05,units,3,6.197314049586777,6.197314049586777,,-6.197314049586777,-1.0
Hapoel Kaukab vs. Ironi Nesher,Football,ahou,over,Israel,normal,Israel Division 3 (Liga Alef),fair,2022-12-16,units,1,1.0330578512396695,1.0330578512396695,,-1.0330578512396695,-1.0
Hapoel Nof HaGalil FC U19 vs. Ihoud Bnei Sakhnin U19,Football,1x2,n/a,Israel,normal,Israel Elite Division U19,ibc,2022-12-17,units,1,1.0309917355371903,1.0309917355371903,,-1.0309917355371903,-1.0
Hapoel Nof HaGalil FC U19 vs. Ihoud Bnei Sakhnin U19,Football,ah,away,Israel,normal,Israel Elite Division U19,ibc,2022-12-17,units,1,5.167355371900826,2.583677685950413,,2.1611570247933884,0.8364654138344662
Hapoel Nof HaGalil FC U19 vs. Ihoud Bnei Sakhnin U19,Football,ah,home,Israel,normal,Israel Elite Division U19,fair,2022-12-17,units,1,1.0330578512396695,1.0330578512396695,,-1.0330578512396695,-1.0
Hapoel Nof HaGalil FC U19 vs. Ihoud Bnei Sakhnin U19,Football,ah,home,Israel,normal,Israel Elite Division U19,ibc,2022-12-17,units,1,5.167355371900826,0.0,,0.0,
Hapoel Nof HaGalil FC U19 vs. Ihoud Bnei Sakhnin U19,Football,ah,home,Israel,normal,Israel Elite Division U19,pin88,2022-12-17,units,1,1.0330578512396695,1.0330578512396695,,-1.0330578512396695,-1.0
Hapoel Nof HaGalil FC U19 vs. Ihoud Bnei Sakhnin U19,Football (Half Time),ou,over,Israel,normal,Israel Elite Division U19,fair,2022-12-17,units,1,1.0330578512396695,1.0330578512396695,,-1.0330578512396695,-1.0
Hapoel Qalansawe vs. Ihoud Bnei Sakhnin,Football,ah,home,Israel,normal,Israel State Cup,ibc,2022-12-12,units,2,4.136363636363637,4.136363636363637,,-4.136363636363637,-1.0
Hapoel Qalansawe vs. Ihoud Bnei Sakhnin,Football,ahou,over,Israel,normal,Israel State Cup,ibc,2022-12-12,units,2,4.136363636363637,0.0,,0.0,
Hapoel Ramat Israel vs. Beitar Petah Tikva,Football,ahou,over,Israel,normal,Israel Division 4 (Liga Bet),ibc,2022-12-09,units,2,2.0619834710743805,2.0619834710743805,,-2.0619834710743805,-1.0
Hapoel Ramat Israel vs. Beitar Petah Tikva,Football,ahou,under,Israel,normal,Israel Division 4 (Liga Bet),molly,2022-12-09,units,2,3.887396694214876,3.887396694214876,,6.927685950413224,1.7820887589689078
Hapoel Tel Aviv U19 vs. Beitar Jerusalem Oren U19,Football,ah,away,Israel,normal,Israel Elite Division U19,pin88,2022-12-17,units,1,2.0640495867768593,2.0640495867768593,,-2.0640495867768593,-1.0
Happy Valley AA vs. Yuen Long District SA,Football (Half Time),ahou,over,Hong Kong,normal,Hong Kong 1st Division,pin88,2022-11-13,units,1,1.0330578512396695,0.0,,0.0,
Hatay Defnespor Women vs. Ilkadim Belediyesi Women,Football,ahou,under,Turkey,normal,Turkey 1. Ligi Women,pin88,2022-12-24,units,1,2.0640495867768593,2.0640495867768593,,1.7458677685950414,0.8458458458458459
Hatayspor U19 vs. Fenerbahçe SK U19,Football,ah,home,Turkey,normal,Turkey Elite League U19,fair,2022-12-17,units,1,1.0330578512396695,1.0330578512396695,,-1.0330578512396695,-1.0
Hatayspor U19 vs. Fenerbahçe SK U19,Football (Half Time),ou,over,Turkey,normal,Turkey Elite League U19,fair,2022-12-17,units,2,1.5413223140495869,1.5413223140495869,,1.1962809917355373,0.7761394101876676
Hatta vs. Al Hamriya,Football,taou,over,United Arab Emirates,normal,UAE Division 1,pin88,2022-11-13,units,2,4.128099173553719,4.128099173553719,,-4.128099173553719,-1.0
Heilongjiang Ice City FC vs. Nantong Zhiyun FC,Football,taou,over,China,normal,China Division 1 (Jia League),pin88,2022-11-09,units,1,1.0330578512396695,1.0330578512396695,,-1.0330578512396695,-1.0
Heilongjiang Ice City FC vs. Nantong Zhiyun FC,Football (Half Time),1x2,n/a,China,normal,China Division 1 (Jia League),fair,2022-11-09,units,1,1.0330578512396695,1.0330578512396695,,5.237603305785124,5.069999999999999
Heilongjiang Ice City FC vs. Nantong Zhiyun FC,Football (Half Time),1x2,n/a,China,normal,China Division 1 (Jia League),ibc,2022-11-09,units,1,2.0619834710743805,2.0619834710743805,,-2.0619834710743805,-1.0
Heilongjiang Ice City FC vs. Nantong Zhiyun FC,Football (Half Time),ah,home,China,normal,China Division 1 (Jia League),ibc,2022-11-09,units,1,4.136363636363637,4.136363636363637,,3.62396694214876,0.8761238761238761
Heilongjiang Ice City FC vs. Shanghai Jiading City Development,Football,ah,home,China,normal,China Division 1 (Jia League),pin88,2022-11-20,units,2,2.066115702479339,2.066115702479339,,2.0578512396694215,0.996
Heilongjiang Ice City FC vs. Shanghai Jiading City Development,Football,ah,n/a,China,normal,China Division 1 (Jia League),fair,2022-11-20,units,2,3.0981404958677685,3.0981404958677685,,4.50103305785124,1.452817605868623
Heilongjiang Ice City FC vs. Shanghai Jiading City Development,Football (Half Time),ah,home,China,normal,China Division 1 (Jia League),pin88,2022-11-20,units,2,4.128099173553719,0.0,,0.0,
Hilal Baladiat Chelghoum Laid vs. ES Sétif,Football,ahou,under,Algeria,normal,Algeria Cup,ibc,2022-12-20,units,2,3.900826446280992,3.900826446280992,,3.729338842975207,0.9560381355932203
Hnk Gorica U19 vs. HNK Hajduk Split U19,Football (Half Time),ah,away,Croatia (Hrvatska),normal,Croatia 1. HNL Juniori U19,pin88,2022-12-14,units,1,1.0330578512396695,1.0330578512396695,,-1.0330578512396695,-1.0
Hong Kong FC vs. Lee Man Warriors FC,Football,ah,away,Hong Kong,normal,Hong Kong Premier League,sharp,2022-11-13,units,1,6.195247933884297,0.0,,0.0,
Hong Kong Rangers vs. Sham Shui Po Sports,Football,ahou,under,Hong Kong,normal,Hong Kong Premier League,pin88,2022-11-20,units,1,3.0960743801652892,3.0960743801652892,,2.395661157024793,0.7737737737737738
Hong Kong U23 vs. Hong Kong Rangers,Football,taou,over,Hong Kong,normal,Hong Kong Premier League,pin88,2022-11-26,units,1,3.0960743801652892,0.0,,0.0,
Hong Kong U23 vs. Hong Kong Rangers,Football,taou,under,Hong Kong,normal,Hong Kong Premier League,pin88,2022-11-26,units,1,3.612603305785124,0.0,,0.0,
Huracan de Ingeniero White vs. CA Bella Vista,Football,ah,away,Argentina,normal,Argentina Torneo Regional Federal Amateur,pin88,2022-11-19,units,1,2.0640495867768593,0.0,,0.0,
IB Khemis El Khechna U21 vs. MO Constantine U21,Football,ah,away,Algeria,normal,Algeria Ligue 1 U21,fair,2022-11-15,units,1,2.066115702479339,0.0,,0.0,
IB Khemis El Khechna vs. ES El Ghozlane,Football (Half Time),1x2,n/a,Algeria,normal,Algeria Ligue 2,fair,2022-12-23,units,1,0.8264462809917356,0.8264462809917356,,-0.8264462809917356,-1.0
Ihud Bnei Shefaram vs. Hapoel Haifa,Football,1x2,n/a,Israel,normal,Israel State Cup,sharp,2022-12-12,units,1,0.31611570247933884,0.31611570247933884,,1.2427685950413225,3.9313725490196085
Ihud Bnei Shefaram vs. Hapoel Haifa,Football,1x2,n/a,Israel,normal,Israel State Cup,smk,2022-12-12,units,1,0.19834710743801653,0.19834710743801653,,0.8285123966942148,4.177083333333333
Ihud Bnei Shefaram vs. Hapoel Haifa,Football,score,n/a,Israel,normal,Israel State Cup,fair,2022-12-12,units,4,3.059917355371901,3.059917355371901,,2.456611570247934,0.8028359216745443
Inhulets Petrove vs. FC Lviv,Football,ah,home,Ukraine,normal,Ukraine Premier League (Vyscha Liha),ibc,2022-11-21,units,3,5.764462809917355,0.0,,0.0,
Ironi Nesher vs. Hapoel Ironi Baka El Garbiya,Football,ah,away,Israel,normal,Israel Division 3 (Liga Alef),fair,2022-12-09,units,1,2.066115702479339,2.066115702479339,,1.774793388429752,0.859
Ironi Nesher vs. Hapoel Ironi Baka El Garbiya,Football,ah,away,Israel,normal,Israel Division 3 (Liga Alef),ibc,2022-12-09,units,1,1.0309917355371903,1.0309917355371903,,0.893595041322314,0.8667334669338677
Ironi Nesher vs. Hapoel Ironi Baka El Garbiya,Football (Half Time),1x2,n/a,Israel,normal,Israel Division 3 (Liga Alef),fair,2022-12-09,units,1,0.5165289256198348,0.5165289256198348,,-0.5165289256198348,-1.0
Ironi Nesher vs. Hapoel Ironi Baka El Garbiya,Football (Half Time),ou,over,Israel,normal,Israel Division 3 (Liga Alef),fair,2022-12-09,units,1,1.0330578512396695,1.0330578512396695,,-1.0330578512396695,-1.0
Ispe FC vs. Mawyawadi FC,Football,ahou,over,Myanmar,normal,Myanmar National League,fair,2022-11-08,units,9,12.287190082644628,12.287190082644628,,-12.28615702479339,-0.9999159239952918
Ispe FC vs. Mawyawadi FC,Football (Half Time),1x2,n/a,Myanmar,normal,Myanmar National League,fair,2022-11-08,units,1,1.0330578512396695,1.0330578512396695,,-1.0330578512396695,-1.0
Italy U19 vs. Hungary U19,Football,taou,over,International,normal,International Friendly U19,pin88,2022-11-16,units,1,1.0330578512396695,1.0330578512396695,,1.021694214876033,0.9890000000000001
Jagat Singh Palahi FA vs. Punjab FC (Minerva Punjab),Football,ah,away,India,normal,India Punjab Super League,pin88,2022-11-21,units,1,2.0640495867768593,2.0640495867768593,,-2.0640495867768593,-1.0
Jagat Singh Palahi FA vs. Punjab FC (Minerva Punjab),Football,ah,home,India,normal,India Punjab Super League,pin88,2022-11-21,units,2,2.066115702479339,2.066115702479339,,1.6260330578512396,0.787
Jaguar FC vs. Delhi Tigers,Football,ahou,under,India,normal,India Delhi Football League,pin88,2022-11-11,units,1,3.0981404958677685,3.0981404958677685,,3.6508264462809916,1.1783927975991997
Jaguar FC vs. Delhi Tigers,Football,taou,over,India,normal,India Delhi Football League,pin88,2022-11-11,units,1,1.0330578512396695,1.0330578512396695,,-1.0330578512396695,-1.0
Jeunesse Sportive de la Saoura U19 vs. CR Timouchent U19,Football,ah,home,Algeria,normal,Algeria League U19,pin88,2022-12-02,units,1,1.0330578512396695,0.0,,0.0,
Jeunesse Sportive de la Saoura U21 vs. MC Oran U21,Football,ah,home,Algeria,normal,Algeria Ligue 1 U21,ibc,2022-12-16,units,3,4.123966942148761,4.123966942148761,,3.7262396694214877,0.9035571142284569
Jiangxi Beidamen FC vs. Zibo Sunday,Football,1x2,n/a,China,normal,China Division 1 (Jia League),fair,2022-11-07,units,1,0.6198347107438017,0.6198347107438017,,-0.6198347107438017,-1.0
Juventus FC U19 vs. FC Internazionale Milano U19,Football,ah,home,Italy,normal,Italy Campionato Primavera U19,pin88,2022-11-07,units,3,4.130165289256198,2.581611570247934,,-2.583677685950413,-1.0008003201280513
Juventus FC U19 vs. FC Internazionale Milano U19,Football,taou,over,Italy,normal,Italy Campionato Primavera U19,pin88,2022-11-07,units,1,1.0330578512396695,1.0330578512396695,,-1.0330578512396695,-1.0
Juventus Women vs. Arsenal FC Women,Football,1x2,n/a,FIFA Region: UEFA (Europe),normal,UEFA Champions League Women,fair,2022-11-24,units,1,3.0991735537190084,3.0991735537190084,,-3.0991735537190084,-1.0
Juventus Women vs. Arsenal FC Women,Football,ah,away,FIFA Region: UEFA (Europe),normal,UEFA Champions League Women,fair,2022-11-24,units,2,2.066115702479339,2.066115702479339,,-2.066115702479339,-1.0
Juventus Women vs. Arsenal FC Women,Football,score,n/a,FIFA Region: UEFA (Europe),normal,UEFA Champions League Women,fair,2022-11-24,units,1,1.0227272727272727,1.0227272727272727,,0.9989669421487604,0.9767676767676768
Juventus Women vs. Arsenal FC Women,Football,taou,over,FIFA Region: UEFA (Europe),normal,UEFA Champions League Women,pin88,2022-11-24,units,2,3.097107438016529,2.0640495867768593,,-2.0640495867768593,-1.0
KAA Gent Women vs. RSC Anderlecht Women,Football,ah,away,Belgium,normal,Belgium Super League Women,pin88,2022-11-05,units,1,4.131198347107438,4.131198347107438,,3.24896694214876,0.7864466116529132
KFC Merelbeke vs. KVK Westhoek,Football,ah,home,Belgium,normal,Belgium 2nd Amateur Division,pin88,2022-11-06,units,1,2.0640495867768593,1.0320247933884297,,-1.0340909090909092,-1.0020020020020022
KKP Bydgoszcz Women vs. Czworka Radom Women,Football,ah,away,Poland,normal,Poland Ekstraliga Women,fair,2022-11-20,units,3,0.8264462809917356,0.8264462809917356,,-0.8264462809917356,-1.0
KMSK Deinze Reserves vs. KV Kortrijk Reserves,Football,1x2,n/a,Belgium,normal,Belgium Reserve League 1/2,pin88,2022-12-05,units,1,1.0330578512396695,1.0330578512396695,,0.9638429752066116,0.9329999999999999
KMSK Deinze Reserves vs. KV Kortrijk Reserves,Football,ah,n/a,Belgium,normal,Belgium Reserve League 1/2,fair,2022-12-05,units,1,2.065082644628099,2.065082644628099,,1.7396694214876034,0.8424212106053027
KMSK Deinze Reserves vs. KV Kortrijk Reserves,Football,taou,over,Belgium,normal,Belgium Reserve League 1/2,pin88,2022-12-05,units,2,4.131198347107438,4.131198347107438,,4.621900826446281,1.118779694923731
KS Falubaz Zielona Góra vs. Radomiak Radom,Football,ah,away,Poland,normal,Poland Cup,pin88,2022-11-10,units,2,4.130165289256198,4.130165289256198,,-4.130165289256198,-1.0
KS Falubaz Zielona Góra vs. Radomiak Radom,Football,ah,n/a,Poland,normal,Poland Cup,bdaq,2022-11-10,units,1,0.859504132231405,0.859504132231405,,0.7396694214876034,0.860576923076923
KS Falubaz Zielona Góra vs. Radomiak Radom,Football,ah,n/a,Poland,normal,Poland Cup,fair,2022-11-10,units,2,3.7871900826446283,3.7871900826446283,,3.2747933884297518,0.8647026732133114
KS Raków Czestochowa II vs. MZKS Chrobry Glogow II,Football,ah,home,Poland,normal,Poland 3. Liga,pin88,2022-11-12,units,1,2.0640495867768593,2.0640495867768593,,1.6332644628099173,0.7912912912912913
KS Raków Czestochowa II vs. MZKS Chrobry Glogow II,Football,taou,over,Poland,normal,Poland 3. Liga,pin88,2022-11-12,units,1,1.0330578512396695,1.0330578512396695,,0.7592975206611571,0.735
KS Teuta Durrës vs. SK/KF Tirana,Football,ah,home,Albania,normal,Albania Super League (Kategoria Superiore),fair,2022-12-16,units,3,1.0309917355371903,1.0309917355371903,,6.723140495867769,6.521042084168337
KS Teuta Durrës vs. SK/KF Tirana,Football,ah,n/a,Albania,normal,Albania Super League (Kategoria Superiore),fair,2022-12-16,units,1,1.0309917355371903,1.0309917355371903,,0.8997933884297521,0.8727454909819639
KV Kortrijk vs. KRC Genk,Football,1x2,n/a,Belgium,normal,Belgium 1st Division A,bdaq,2022-12-26,units,1,0.47520661157024796,0.47520661157024796,,0.41219008264462814,0.8673913043478261
KV Kortrijk vs. KRC Genk,Football,ah,home,Belgium,normal,Belgium 1st Division A,isn,2022-12-26,units,2,2.066115702479339,2.066115702479339,,1.887396694214876,0.9135000000000001
KV Kortrijk vs. KRC Genk,Football,ah,home,Belgium,normal,Belgium 1st Division A,pin88,2022-12-26,units,2,2.066115702479339,2.066115702479339,,5.162190082644628,2.4985
KV Kortrijk vs. KRC Genk,Football,ah,home,Belgium,normal,Belgium 1st Division A,sharp,2022-12-26,units,1,0.5175619834710744,0.5175619834710744,,0.44421487603305787,0.8582834331337326
KV Red Star Waasland Reserves vs. Royal Excelsior Virton Reserves,Football (Half Time),1x2,n/a,Belgium,normal,Belgium Reserve League 1/2,fair,2022-11-21,units,3,1.2396694214876034,1.2396694214876034,,-1.2396694214876034,-1.0
KVK Tienen vs. Hoogstraten VV,Football,ah,home,Belgium,normal,Belgium First Amateur Division,fair,2022-12-04,units,1,6.198347107438017,6.198347107438017,,-6.198347107438017,-1.0
KVK Tienen vs. Hoogstraten VV,Football,ah,home,Belgium,normal,Belgium First Amateur Division,pin88,2022-12-04,units,1,1.0330578512396695,1.0330578512396695,,-1.0330578512396695,-1.0
Kakamega Homeboyz FC vs. FC Talanta,Football,1x2,n/a,Kenya,normal,Kenya Premier League,fair,2022-12-17,units,3,3.4359504132231407,3.4359504132231407,,2.645661157024793,0.7699939867708959
Kakamega Homeboyz FC vs. FC Talanta,Football,ah,home,Kenya,normal,Kenya Premier League,smk,2022-12-17,units,1,1.728305785123967,1.728305785123967,,1.3780991735537191,0.7973699940227138
Kalkara vs. Tarxien Rainbows FC,Football,1x2,n/a,Malta,normal,Malta Cup (FA Trophy),fair,2022-11-16,units,1,0.5165289256198348,0.5165289256198348,,-0.5165289256198348,-1.0
Kalkara vs. Tarxien Rainbows FC,Football,ah,away,Malta,normal,Malta Cup (FA Trophy),fair,2022-11-16,units,2,1.0330578512396695,1.0330578512396695,,-1.0330578512396695,-1.0
Kalkara vs. Tarxien Rainbows FC,Football,ou,over,Malta,normal,Malta Cup (FA Trophy),fair,2022-11-16,units,1,0.30991735537190085,0.30991735537190085,,-0.30991735537190085,-1.0
Kalkara vs. Tarxien Rainbows FC,Football,ou,under,Malta,normal,Malta Cup (FA Trophy),fair,2022-11-16,units,2,3.097107438016529,3.097107438016529,,4.710743801652893,1.5210140093395599
Karaman Belediyespor vs. Bayrampasa,Football,ahou,over,Turkey,normal,Turkey TFF 3. Lig,fair,2022-11-23,units,8,7.2272727272727275,4.6466942148760335,,2.977272727272727,0.6407292129835482
Karlsruher SC U19 vs. FC Astoria Walldorf U19,Football,ah,home,Germany,normal,Germany Bundesliga (A-Junioren) U19,ibc,2022-12-10,units,2,6.210743801652893,3.1053719008264467,,-3.1053719008264467,-1.0
Karlsruher SC U19 vs. FC Astoria Walldorf U19,Football,ahou,under,Germany,normal,Germany Bundesliga (A-Junioren) U19,ibc,2022-12-10,units,2,5.167355371900826,0.0,,0.0,
Karşıyaka SK vs. Çatalca Spor Kulübü,Football,1x2,n/a,Turkey,normal,Turkey TFF 3. Lig,fair,2022-11-23,units,2,2.066115702479339,2.066115702479339,,2.0805785123966944,1.0070000000000001
Kasımpaşa SK vs. Ümraniyespor,Football,1x2,n/a,Turkey,normal,Turkey Cup (Fortis Cup),fair,2022-12-20,units,2,5.371900826446281,5.371900826446281,,-5.371900826446281,-1.0
Kasımpaşa SK vs. Ümraniyespor,Football,ah,away,Turkey,normal,Turkey Cup (Fortis Cup),fair,2022-12-20,units,2,6.198347107438017,6.198347107438017,,7.913223140495869,1.2766666666666668
Kasımpaşa SK vs. Ümraniyespor,Football,ahou,under,Turkey,normal,Turkey Cup (Fortis Cup),ibc,2022-12-20,units,1,6.198347107438017,6.198347107438017,,-6.198347107438017,-1.0
Kasımpaşa SK vs. Ümraniyespor,Football (Half Time),ah,home,Turkey,normal,Turkey Cup (Fortis Cup),sharp,2022-12-20,units,1,3.0960743801652892,1.5485537190082646,,-1.5485537190082646,-1.0
Kenya Police FC vs. Bandari FC,Football,ah,home,Kenya,normal,Kenya Premier League,fair,2022-12-12,units,1,1.0330578512396695,0.0,,0.0,
Kenya Police FC vs. Bandari FC,Football,ah,n/a,Kenya,normal,Kenya Premier League,fair,2022-12-12,units,1,4.132231404958678,0.0,,0.0,
Kenya Police FC vs. Bandari FC,Football (Half Time),ah,home,Kenya,normal,Kenya Premier League,ibc,2022-12-12,units,1,2.0619834710743805,0.0,,0.0,
Kibera Black Stars FC vs. Mara Sugar FC,Football,1x2,n/a,Kenya,normal,Kenya Super League,ibc,2022-12-19,units,1,2.0619834710743805,2.0619834710743805,,-2.0619834710743805,-1.0
Kibera Black Stars FC vs. Mara Sugar FC,Football,ah,n/a,Kenya,normal,Kenya Super League,fair,2022-12-19,units,1,3.0960743801652892,3.0960743801652892,,3.1188016528925617,1.0073406740073407
Kibera Black Stars FC vs. Mara Sugar FC,Football,taou,under,Kenya,normal,Kenya Super League,pin88,2022-12-19,units,1,2.441115702479339,2.441115702479339,,4.195247933884297,1.7185780787134997
Kisumu All Stars vs. MCF,Football,ah,away,Kenya,normal,Kenya Super League,ibc,2022-12-14,units,1,3.1053719008264467,3.1053719008264467,,-3.1053719008264467,-1.0
Kisumu All Stars vs. MCF,Football,ah,away,Kenya,normal,Kenya Super League,pin88,2022-12-14,units,1,5.1652892561983474,5.1652892561983474,,-5.1652892561983474,-1.0
Kisumu All Stars vs. MCF,Football (Half Time),1x2,n/a,Kenya,normal,Kenya Super League,pin88,2022-12-14,units,2,2.066115702479339,2.066115702479339,,-2.066115702479339,-1.0
Kitchee FC vs. Hong Kong U23,Football,ah,home,Hong Kong,normal,Hong Kong Sapling Cup,ibc,2022-11-16,units,4,12.396694214876034,12.396694214876034,,-12.396694214876034,-1.0
Kitchee FC vs. Hong Kong U23,Football,ahou,under,Hong Kong,normal,Hong Kong Sapling Cup,ibc,2022-11-16,units,2,15.898760330578513,7.950413223140496,,6.331611570247934,0.7963877338877339
Kitchee FC vs. Hong Kong U23,Football (Half Time),ah,home,Hong Kong,normal,Hong Kong Sapling Cup,ibc,2022-11-16,units,1,3.1053719008264467,3.1053719008264467,,-3.1053719008264467,-1.0
Kitchee FC vs. Wofoo Tai Po FC,Football,ah,home,Hong Kong,normal,Hong Kong Premier League,sharp,2022-11-20,units,2,2.0619834710743805,0.0,,0.0,
Kitchee FC vs. Wofoo Tai Po FC,Football,taou,over,Hong Kong,normal,Hong Kong Premier League,pin88,2022-11-20,units,1,2.066115702479339,0.0,,0.0,
Kowloon City vs. South China AA,Football,1x2,n/a,Hong Kong,normal,Hong Kong 1st Division,pin88,2022-11-20,units,1,1.0330578512396695,1.0330578512396695,,-1.0330578512396695,-1.0
Kowloon City vs. South China AA,Football,ah,away,Hong Kong,normal,Hong Kong 1st Division,pin88,2022-11-20,units,2,3.097107438016529,3.097107438016529,,-3.097107438016529,-1.0
Kunshan vs. Zibo Sunday,Football,ahou,over,China,normal,China Division 1 (Jia League),bdaq,2022-11-11,units,1,2.066115702479339,2.066115702479339,,-2.066115702479339,-1.0
Kunshan vs. Zibo Sunday,Football,ahou,over,China,normal,China Division 1 (Jia League),ibc,2022-11-11,units,1,10.334710743801653,10.334710743801653,,-10.334710743801653,-1.0
Kunshan vs. Zibo Sunday,Football,ahou,under,China,normal,China Division 1 (Jia League),ibc,2022-11-11,units,2,9.303719008264464,9.303719008264464,,-9.303719008264464,-1.0
Kunshan vs. Zibo Sunday,Football,ahou,under,China,normal,China Division 1 (Jia League),sharp,2022-11-11,units,1,3.0960743801652892,0.0,,0.0,
Kunshan vs. Zibo Sunday,Football,ou,under,China,normal,China Division 1 (Jia League),fair,2022-11-11,units,1,5.983471074380165,5.983471074380165,,4.954545454545454,0.8280386740331492
Kunshan vs. Zibo Sunday,Football (Half Time),ou,under,China,normal,China Division 1 (Jia League),molly,2022-11-11,units,1,2.066115702479339,2.066115702479339,,-2.066115702479339,-1.0
Kwai Tsing DFA vs. Wing Yee,Football,ahou,over,Hong Kong,normal,Hong Kong 1st Division,fair,2022-11-13,units,7,7.7458677685950414,7.7458677685950414,,12.674586776859504,1.636303014137103
Kwun Tong FA vs. Lucky Mile,Football,ah,away,Hong Kong,normal,Hong Kong 2nd Division,pin88,2022-11-20,units,1,3.0981404958677685,3.0981404958677685,,-3.0981404958677685,-1.0
Kwun Tong FA vs. Lucky Mile,Football,taou,over,Hong Kong,normal,Hong Kong 2nd Division,pin88,2022-11-20,units,1,1.0330578512396695,1.0330578512396695,,-1.0330578512396695,-1.0
LD Alajuelense vs. Municipal Grecia,Football,taou,over,Costa Rica,normal,Costa Rica Cup,pin88,2022-12-04,units,1,3.0960743801652892,3.0960743801652892,,3.0000000000000004,0.968968968968969
La Viena FC vs. Mallawi SC,Football,ah,home,Egypt,normal,Egypt Division 2 B,pin88,2022-12-08,units,1,3.0981404958677685,3.0981404958677685,,3.125,1.0086695565188397
La Viena FC vs. Mallawi SC,Football,ahou,over,Egypt,normal,Egypt Division 2 B,ibc,2022-12-08,units,1,0.12396694214876033,0.0,,0.0,
La Viena FC vs. Mallawi SC,Football,ahou,over,Egypt,normal,Egypt Division 2 B,pin88,2022-12-08,units,1,1.9390495867768596,0.0,,0.0,
La Viena FC vs. Mallawi SC,Football,taou,over,Egypt,normal,Egypt Division 2 B,pin88,2022-12-08,units,2,4.131198347107438,4.131198347107438,,2.4958677685950414,0.6041510377594399
La Viena FC vs. Mallawi SC,Football (Half Time),1x2,n/a,Egypt,normal,Egypt Division 2 B,fair,2022-12-08,units,2,0.7324380165289256,0.7324380165289256,,-0.7324380165289256,-1.0
La Viena FC vs. Mallawi SC,Football (Half Time),1x2,n/a,Egypt,normal,Egypt Division 2 B,ibc,2022-12-08,units,3,1.2293388429752068,1.2293388429752068,,1.0857438016528926,0.8831932773109243
Lamphun Warrior FC vs. Prachuap Khiri Khan FC,Football,ah,home,Thailand,normal,Thailand FA Cup,ibc,2022-12-01,units,1,2.0619834710743805,2.0619834710743805,,1.5185950413223142,0.7364729458917836
Lamphun Warrior FC vs. Prachuap Khiri Khan FC,Football,ah,n/a,Thailand,normal,Thailand FA Cup,fair,2022-12-01,units,1,1.0289256198347108,1.0289256198347108,,0.7396694214876034,0.7188755020080322
Lamphun Warrior FC vs. Prachuap Khiri Khan FC,Football,ahou,under,Thailand,normal,Thailand FA Cup,fair,2022-12-01,units,3,5.144628099173554,0.0,,0.0,
Lamphun Warrior FC vs. Prachuap Khiri Khan FC,Football,taou,over,Thailand,normal,Thailand FA Cup,pin88,2022-12-01,units,4,6.194214876033058,6.194214876033058,,4.391528925619835,0.7089726484322882
Laos vs. Singapore,Football,1x2,n/a,FIFA Region: AFC (Asia),normal,AFF Asean Football Championship (Suzuki Cup),fair,2022-12-27,units,1,0.5165289256198348,0.5165289256198348,,-0.5165289256198348,-1.0
Laos vs. Singapore,Football,ahou,under,FIFA Region: AFC (Asia),normal,AFF Asean Football Championship (Suzuki Cup),fair,2022-12-27,units,6,6.088842975206611,1.546487603305785,,-1.546487603305785,-1.0
Laos vs. Singapore,Football,ahou,under,FIFA Region: AFC (Asia),normal,AFF Asean Football Championship (Suzuki Cup),molly,2022-12-27,units,2,3.043388429752066,1.0051652892561984,,-1.0051652892561984,-1.0
Laos vs. Singapore,Football,ou,over,FIFA Region: AFC (Asia),normal,AFF Asean Football Championship (Suzuki Cup),fair,2022-12-27,units,7,6.668388429752066,6.668388429752066,,8.606404958677686,1.2906274206041828
Laos vs. Singapore,Football,ou,over,FIFA Region: AFC (Asia),normal,AFF Asean Football Championship (Suzuki Cup),molly,2022-12-27,units,1,0.5165289256198348,0.5165289256198348,,0.8264462809917356,1.6
Laos vs. Singapore,Football,ou,under,FIFA Region: AFC (Asia),normal,AFF Asean Football Championship (Suzuki Cup),fair,2022-12-27,units,8,7.143595041322314,7.143595041322314,,-4.37396694214876,-0.6122921185827911
Laos vs. Singapore,Football,ou,under,FIFA Region: AFC (Asia),normal,AFF Asean Football Championship (Suzuki Cup),molly,2022-12-27,units,2,1.115702479338843,1.115702479338843,,-1.115702479338843,-1.0
Laos vs. Singapore,Football,taou,over,FIFA Region: AFC (Asia),normal,AFF Asean Football Championship (Suzuki Cup),pin88,2022-12-27,units,1,2.0640495867768593,2.0640495867768593,,-2.0640495867768593,-1.0
Laos vs. Vietnam,Football,ahou,over,FIFA Region: AFC (Asia),normal,AFF Asean Football Championship (Suzuki Cup),ibc,2022-12-21,units,4,12.396694214876034,12.396694214876034,,10.34607438016529,0.8345833333333333
Laos vs. Vietnam,Football,ou,over,FIFA Region: AFC (Asia),normal,AFF Asean Football Championship (Suzuki Cup),fair,2022-12-21,units,2,1.3429752066115703,1.3429752066115703,,0.5175619834710744,0.3853846153846154
Laos vs. Vietnam,Football,ou,under,FIFA Region: AFC (Asia),normal,AFF Asean Football Championship (Suzuki Cup),fair,2022-12-21,units,5,4.702479338842975,4.702479338842975,,-4.703512396694215,-1.000219683655536
Laos vs. Vietnam,Football,ou,under,FIFA Region: AFC (Asia),normal,AFF Asean Football Championship (Suzuki Cup),molly,2022-12-21,units,4,2.857438016528926,2.857438016528926,,-2.857438016528926,-1.0
Laos vs. Vietnam,Football (Half Time),ahou,under,FIFA Region: AFC (Asia),normal,AFF Asean Football Championship (Suzuki Cup),pin88,2022-12-21,units,1,5.1652892561983474,2.5826446280991737,,2.3016528925619837,0.8912
Laos vs. Vietnam,Football (Half Time),ou,over,FIFA Region: AFC (Asia),normal,AFF Asean Football Championship (Suzuki Cup),fair,2022-12-21,units,3,3.6136363636363638,3.6136363636363638,,-3.615702479338843,-1.0005717552887365
Laos vs. Vietnam,Football (Half Time),ou,under,FIFA Region: AFC (Asia),normal,AFF Asean Football Championship (Suzuki Cup),fair,2022-12-21,units,5,4.1115702479338845,4.1115702479338845,,-1.6642561983471074,-0.40477386934673365
Laos vs. Vietnam,Football (Half Time),ou,under,FIFA Region: AFC (Asia),normal,AFF Asean Football Championship (Suzuki Cup),molly,2022-12-21,units,2,10.330578512396695,10.330578512396695,,18.846074380165287,1.8242999999999998
Laos vs. Vietnam,Football (Half Time),ou,under,FIFA Region: AFC (Asia),normal,AFF Asean Football Championship (Suzuki Cup),smk,2022-12-21,units,1,1.087809917355372,1.087809917355372,,1.2747933884297522,1.1718898385565053
Le Mans UC 72 vs. US Orleans,Football,ah,home,France,normal,France National 1,isn,2022-12-16,units,1,1.0330578512396695,0.5165289256198348,,-0.5165289256198348,-1.0
Legia Warszawa vs. GKS Tychy,Football,1x2,n/a,International,normal,Club Friendly,smk,2022-12-05,units,5,6.197314049586777,6.197314049586777,,6.857438016528925,1.1065177529588264
Legia Warszawa vs. GKS Tychy,Football,ahou,under,International,normal,Club Friendly,pin88,2022-12-05,units,2,8.263429752066116,8.263429752066116,,-8.263429752066116,-1.0
Legia Warszawa vs. GKS Tychy,Football,ou,over,International,normal,Club Friendly,smk,2022-12-05,units,2,3.0981404958677685,3.0981404958677685,,2.5609504132231407,0.8266088696232078
Legia Warszawa vs. GKS Tychy,Football,ou,under,International,normal,Club Friendly,smk,2022-12-05,units,3,1.197314049586777,1.197314049586777,,-1.197314049586777,-1.0
Legia Warszawa vs. GKS Tychy,Football (Half Time),ou,over,International,normal,Club Friendly,smk,2022-12-05,units,1,0.5165289256198348,0.5165289256198348,,-0.5165289256198348,-1.0
Legia Warszawa vs. Ruch Chorzow,Football,ah,home,International,normal,Club Friendly,pin88,2022-12-16,units,1,3.0991735537190084,0.0,,0.0,
Lija Athletic FC vs. San Gwann,Football,1x2,n/a,Malta,normal,Malta Challenge League,fair,2022-12-08,units,4,1.2985537190082646,1.2985537190082646,,-1.300619834710744,-1.0015910898965792
Lija Athletic FC vs. San Gwann,Football,ahou,over,Malta,normal,Malta Challenge League,fair,2022-12-08,units,7,5.097107438016529,5.097107438016529,,-5.097107438016529,-1.0
Lija Athletic FC vs. San Gwann,Football,ahou,under,Malta,normal,Malta Challenge League,pin88,2022-12-08,units,1,5.1652892561983474,5.1652892561983474,,5.573347107438017,1.079
Lion City Sailors FC vs. Borussia Dortmund,Football,ah,away,International,normal,Club Friendly,pin88,2022-11-24,units,1,3.0991735537190084,3.0991735537190084,,2.8388429752066116,0.9159999999999999
Lion City Sailors FC vs. Borussia Dortmund,Football,ah,home,International,normal,Club Friendly,pin88,2022-11-24,units,1,3.0991735537190084,3.0991735537190084,,-3.0991735537190084,-1.0
Lion City Sailors FC vs. Borussia Dortmund,Football (Half Time),ah,away,International,normal,Club Friendly,pin88,2022-11-24,units,1,3.0991735537190084,3.0991735537190084,,3.1270661157024797,1.0090000000000001
Lithuania U19 Women vs. Iceland U19 Women,Football,ahou,over,FIFA Region: UEFA (Europe),normal,UEFA European Championship U19 Women,fair,2022-11-14,units,2,4.992768595041323,4.992768595041323,,-4.991735537190083,-0.999793089178564
Lithuania U19 Women vs. Iceland U19 Women,Football (Half Time),1x2,n/a,FIFA Region: UEFA (Europe),normal,UEFA European Championship U19 Women,fair,2022-11-14,units,1,0.5165289256198348,0.5165289256198348,,-0.5165289256198348,-1.0
Lithuania U19 Women vs. Iceland U19 Women,Football (Half Time),ou,over,FIFA Region: UEFA (Europe),normal,UEFA European Championship U19 Women,fair,2022-11-14,units,1,1.0330578512396695,1.0330578512396695,,-1.0330578512396695,-1.0
Lithuania U19 Women vs. Iceland U19 Women,Football (Half Time),ou,under,FIFA Region: UEFA (Europe),normal,UEFA European Championship U19 Women,fair,2022-11-14,units,3,3.5382231404958677,3.5382231404958677,,3.0619834710743805,0.8654014598540146
Llanelli AFC vs. Taffs Well,Football,ahou,over,Wales,normal,Wales FAW Championship South & Mid,pin88,2022-12-27,units,1,6.195247933884297,6.195247933884297,,5.284090909090909,0.8529264632316158
Lopburi City vs. Khonkaen United,Football,ah,away,Thailand,normal,Thailand League Cup,pin88,2022-11-16,units,2,6.195247933884297,0.0,,0.0,
Lopburi City vs. Khonkaen United,Football,taou,over,Thailand,normal,Thailand League Cup,pin88,2022-11-16,units,1,3.0981404958677685,3.0981404958677685,,-3.0981404958677685,-1.0
MCB Oued Sly U21 vs. RC Relizane U21,Football,ahou,over,Algeria,normal,Algeria Ligue 1 U21,pin88,2022-11-19,units,1,2.0640495867768593,0.0,,0.0,
MH Nakhonsi vs. Buriram United FC,Football,ah,n/a,Thailand,normal,Thailand League Cup,molly,2022-11-16,units,1,5.1652892561983474,2.5826446280991737,,3.0981404958677685,1.1996
MKE Ankaragucu U19 vs. Galatasaray SK U19,Football,ah,away,Turkey,normal,Turkey Elite League U19,pin88,2022-11-19,units,1,2.0640495867768593,2.0640495867768593,,2.371900826446281,1.149149149149149
MKE Ankaragucu U19 vs. Galatasaray SK U19,Football,ahou,over,Turkey,normal,Turkey Elite League U19,pin88,2022-11-19,units,2,4.131198347107438,4.131198347107438,,3.8171487603305785,0.9239809952488122
MKE Ankaragucu U19 vs. Galatasaray SK U19,Football,taou,over,Turkey,normal,Turkey Elite League U19,pin88,2022-11-19,units,2,5.164256198347108,5.164256198347108,,2.0671487603305785,0.40028005601120226
MKE Ankaragucu U19 vs. Istanbulspor Anonim Sirketi U19,Football,ah,home,Turkey,normal,Turkey Elite League U19,fair,2022-12-17,units,1,1.0330578512396695,1.0330578512396695,,-1.0330578512396695,-1.0
MKE Ankaragucu U19 vs. Istanbulspor Anonim Sirketi U19,Football,ahou,over,Turkey,normal,Turkey Elite League U19,fair,2022-12-17,units,4,5.6477272727272725,5.6477272727272725,,6.546487603305786,1.1591366380098775
MKE Ankaragucu U19 vs. Istanbulspor Anonim Sirketi U19,Football,taou,over,Turkey,normal,Turkey Elite League U19,pin88,2022-12-17,units,3,6.198347107438017,6.198347107438017,,5.568181818181818,0.8983333333333333
MKE Ankaragücü vs. Tuzla Spor Kulübü,Football,ah,home,Turkey,normal,Turkey Cup (Fortis Cup),isn,2022-12-20,units,1,3.0485537190082646,0.0,,0.0,
MKE Ankaragücü vs. Tuzla Spor Kulübü,Football,ah,home,Turkey,normal,Turkey Cup (Fortis Cup),sharp,2022-12-20,units,1,3.0960743801652892,0.0,,0.0,
MKE Ankaragücü vs. Tuzla Spor Kulübü,Football (Corners),ah,away,Turkey,normal,Turkey Cup (Fortis Cup),ibc,2022-12-20,units,2,4.136363636363637,4.136363636363637,,3.418388429752066,0.8264235764235763
MKS GKS Jastrzębie vs. KS Skra Częstochowa,Football,taou,over,International,normal,Club Friendly,pin88,2022-12-10,units,1,2.066115702479339,2.066115702479339,,-2.066115702479339,-1.0
MKS Sandecja Nowy Sącz vs. Śląsk Wrocław,Football,ah,away,Poland,normal,Poland Cup,isn,2022-11-09,units,1,6.098140495867769,3.0485537190082646,,-3.0485537190082646,-1.0
MKS Sandecja Nowy Sącz vs. Śląsk Wrocław,Football,ah,home,Poland,normal,Poland Cup,isn,2022-11-09,units,1,4.9245867768595035,0.0,,0.0,
MKS Sandecja Nowy Sącz vs. Śląsk Wrocław,Football,ahou,over,Poland,normal,Poland Cup,fair,2022-11-09,units,1,3.0991735537190084,3.0991735537190084,,2.5134297520661155,0.8109999999999999
MKS Sandecja Nowy Sącz vs. Śląsk Wrocław,Football,ou,under,Poland,normal,Poland Cup,fair,2022-11-09,units,2,2.547520661157025,2.547520661157025,,-2.5464876033057853,-0.9995944849959448
MO Constantine U21 vs. AS Ain M'lila U21,Football,ahou,over,Algeria,normal,Algeria Ligue 1 U21,pin88,2022-11-21,units,1,1.0330578512396695,1.0330578512396695,,0.9824380165289257,0.9510000000000001
MO Constantine U21 vs. AS Ain M'lila U21,Football,ou,over,Algeria,normal,Algeria Ligue 1 U21,fair,2022-11-21,units,2,1.0320247933884297,1.0320247933884297,,0.9080578512396695,0.8798798798798799
MO Constantine U21 vs. AS Ain M'lila U21,Football,ou,under,Algeria,normal,Algeria Ligue 1 U21,fair,2022-11-21,units,1,3.0991735537190084,3.0991735537190084,,-3.0991735537190084,-1.0
MO Constantine vs. AS Aïn M'lila,Football,ahou,under,Algeria,normal,Algeria Ligue 2,pin88,2022-11-21,units,1,3.0981404958677685,3.0981404958677685,,-3.0981404958677685,-1.0
MO Constantine vs. AS Aïn M'lila,Football,taou,over,Algeria,normal,Algeria Ligue 2,pin88,2022-11-21,units,1,2.066115702479339,2.066115702479339,,-2.066115702479339,-1.0
MS Jerusalem vs. Hapoel Ironi Gedera,Football,ah,home,Israel,normal,Israel Division 4 (Liga Bet),pin88,2022-12-19,units,4,7.230371900826446,7.230371900826446,,5.613636363636364,0.7763966280897272
MS Jerusalem vs. Hapoel Ironi Gedera,Football,ah,n/a,Israel,normal,Israel Division 4 (Liga Bet),fair,2022-12-19,units,1,4.100206611570248,4.100206611570248,,-4.101239669421488,-1.000251952632905
MS Jerusalem vs. Hapoel Ironi Gedera,Football,ahou,over,Israel,normal,Israel Division 4 (Liga Bet),fair,2022-12-19,units,2,2.024793388429752,1.5082644628099173,,2.2572314049586777,1.4965753424657535
MS Jerusalem vs. Hapoel Ironi Gedera,Football,ahou,over,Israel,normal,Israel Division 4 (Liga Bet),ibc,2022-12-19,units,3,1.5526859504132233,1.5526859504132233,,1.422520661157025,0.9161676646706587
MS Jerusalem vs. Hapoel Ironi Gedera,Football,ahou,under,Israel,normal,Israel Division 4 (Liga Bet),fair,2022-12-19,units,1,0.5165289256198348,0.0,,0.0,
MS Jerusalem vs. Hapoel Ironi Gedera,Football,ahou,under,Israel,normal,Israel Division 4 (Liga Bet),ibc,2022-12-19,units,2,8.260330578512397,0.0,,0.0,
MS Jerusalem vs. Hapoel Ironi Gedera,Football,ahou,under,Israel,normal,Israel Division 4 (Liga Bet),pin88,2022-12-19,units,1,1.0330578512396695,0.0,,0.0,
MS Jerusalem vs. Hapoel Ironi Gedera,Football,ou,over,Israel,normal,Israel Division 4 (Liga Bet),fair,2022-12-19,units,1,1.0330578512396695,1.0330578512396695,,0.9183884297520662,0.889
MS Jerusalem vs. Hapoel Ironi Gedera,Football,taou,over,Israel,normal,Israel Division 4 (Liga Bet),pin88,2022-12-19,units,1,2.0640495867768593,2.0640495867768593,,5.902892561983471,2.85985985985986
MS Jerusalem vs. Hapoel Ironi Gedera,Football (Half Time),1x2,n/a,Israel,normal,Israel Division 4 (Liga Bet),fair,2022-12-19,units,3,1.4462809917355373,1.4462809917355373,,0.4659090909090909,0.3221428571428571
MS Jerusalem vs. Hapoel Ironi Gedera,Football (Half Time),ah,away,Israel,normal,Israel Division 4 (Liga Bet),pin88,2022-12-19,units,1,1.0330578512396695,1.0330578512396695,,-1.0330578512396695,-1.0
MS Jerusalem vs. Hapoel Ironi Gedera,Football (Half Time),ou,over,Israel,normal,Israel Division 4 (Liga Bet),fair,2022-12-19,units,1,1.0113636363636365,1.0113636363636365,,1.0082644628099173,0.9969356486210419
MS Pardes Hana Karkur vs. Hapoel Beit Shean Mesilot,Football,ah,away,Israel,normal,Israel Division 4 (Liga Bet),pin88,2022-11-11,units,1,3.0960743801652892,3.0960743801652892,,-3.0960743801652892,-1.0
MS Shikun Hamizrach vs. MS Jerusalem,Football,ah,away,Israel,normal,Israel Division 4 (Liga Bet),pin88,2022-11-11,units,3,8.257231404958677,8.257231404958677,,7.938016528925621,0.961341173526836
MS Shikun Hamizrach vs. MS Jerusalem,Football,ah,home,Israel,normal,Israel Division 4 (Liga Bet),fair,2022-11-11,units,1,0.30991735537190085,0.30991735537190085,,-0.30991735537190085,-1.0
MS Shikun Hamizrach vs. MS Jerusalem,Football,ahou,over,Israel,normal,Israel Division 4 (Liga Bet),fair,2022-11-11,units,1,3.0991735537190084,0.0,,0.0,
MS Shikun Hamizrach vs. MS Jerusalem,Football,ou,over,Israel,normal,Israel Division 4 (Liga Bet),fair,2022-11-11,units,1,1.0268595041322315,1.0268595041322315,,-1.0278925619834711,-1.0010060362173039
MS Shikun Hamizrach vs. MS Jerusalem,Football,taou,over,Israel,normal,Israel Division 4 (Liga Bet),pin88,2022-11-11,units,2,2.066115702479339,2.066115702479339,,-2.066115702479339,-1.0
MS Shikun Hamizrach vs. Maccabi Ironi Sderot,Football,ah,away,Israel,normal,Israel Division 4 (Liga Bet),pin88,2022-12-20,units,1,2.066115702479339,2.066115702479339,,-2.066115702479339,-1.0
MS Shikun Hamizrach vs. Maccabi Ironi Sderot,Football,ah,home,Israel,normal,Israel Division 4 (Liga Bet),fair,2022-12-20,units,1,0.5165289256198348,0.5165289256198348,,-0.5165289256198348,-1.0
MS Shikun Hamizrach vs. Maccabi Ironi Sderot,Football,ah,home,Israel,normal,Israel Division 4 (Liga Bet),ibc,2022-12-20,units,1,3.1053719008264467,3.1053719008264467,,2.5041322314049586,0.8063872255489021
MS Shikun Hamizrach vs. Maccabi Ironi Sderot,Football,ah,home,Israel,normal,Israel Division 4 (Liga Bet),pin88,2022-12-20,units,1,3.0981404958677685,3.0981404958677685,,2.7365702479338845,0.883294431477159
MS Shikun Hamizrach vs. Maccabi Ironi Sderot,Football,ahou,over,Israel,normal,Israel Division 4 (Liga Bet),fair,2022-12-20,units,1,5.110537190082645,5.110537190082645,,-5.108471074380165,-0.9995957145744896
MS Shikun Hamizrach vs. Maccabi Ironi Sderot,Football,ahou,under,Israel,normal,Israel Division 4 (Liga Bet),ibc,2022-12-20,units,3,6.707644628099174,6.707644628099174,,6.742768595041323,1.0052364084398584
MS Shikun Hamizrach vs. Maccabi Ironi Sderot,Football (Half Time),1x2,n/a,Israel,normal,Israel Division 4 (Liga Bet),fair,2022-12-20,units,1,0.5165289256198348,0.5165289256198348,,-0.5165289256198348,-1.0
MS Tira vs. Hapoel Petah Tikva FC,Football,ah,home,Israel,normal,Israel State Cup,pin88,2022-12-12,units,1,2.0640495867768593,2.0640495867768593,,-2.0640495867768593,-1.0
MS Tzeirey Kfar Kana vs. Hapoel Kaukab,Football,ah,n/a,Israel,normal,Israel Division 3 (Liga Alef),fair,2022-12-09,units,1,5.161157024793388,5.161157024793388,,4.309917355371901,0.8350680544435548
MS Tzeirey Kfar Kana vs. Maccabi Tzur Shalom,Football,ah,n/a,Israel,normal,Israel Division 3 (Liga Alef),fair,2022-12-16,units,2,2.041322314049587,2.041322314049587,,-2.041322314049587,-1.0
MS Tzeirey Kfar Kana vs. Maccabi Tzur Shalom,Football (Half Time),1x2,n/a,Israel,normal,Israel Division 3 (Liga Alef),fair,2022-12-16,units,1,2.066115702479339,2.066115702479339,,1.8171487603305787,0.8795000000000001
MSE Targu Mures vs. CS Sănătatea Servicii Publice Cluj-Napoca,Football,ah,home,Romania,normal,Romania Division 3,pin88,2022-11-11,units,1,3.0981404958677685,0.0,,0.0,
MSE Targu Mures vs. CS Sănătatea Servicii Publice Cluj-Napoca,Football,ahou,over,Romania,normal,Romania Division 3,pin88,2022-11-11,units,1,1.0330578512396695,1.0330578512396695,,1.084710743801653,1.05
MSE Targu Mures vs. CS Sănătatea Servicii Publice Cluj-Napoca,Football,taou,over,Romania,normal,Romania Division 3,pin88,2022-11-11,units,1,1.0330578512396695,1.0330578512396695,,-1.0330578512396695,-1.0
MSE Targu Mures vs. Unirea Ungheni,Football,1x2,n/a,Romania,normal,Romania Division 3,fair,2022-11-25,units,1,0.30991735537190085,0.30991735537190085,,1.6683884297520664,5.383333333333334
MSE Targu Mures vs. Unirea Ungheni,Football,ahou,over,Romania,normal,Romania Division 3,fair,2022-11-25,units,8,6.15909090909091,6.15909090909091,,4.925619834710743,0.799731633679973
MSE Targu Mures vs. Unirea Ungheni,Football,taou,over,Romania,normal,Romania Division 3,pin88,2022-11-25,units,1,2.0640495867768593,2.0640495867768593,,-2.0640495867768593,-1.0
MSK Kiryat Yam vs. Ironi Bnei Kabul,Football,1x2,n/a,Israel,normal,Israel Division 4 (Liga Bet),fair,2022-12-09,units,2,3.614669421487603,3.614669421487603,,-2.0299586776859506,-0.5615890254358389
MSK Kiryat Yam vs. Ironi Bnei Kabul,Football,ah,away,Israel,normal,Israel Division 4 (Liga Bet),pin88,2022-12-09,units,1,3.0981404958677685,0.0,,0.0,
MSK Kiryat Yam vs. Ironi Bnei Kabul,Football,ah,home,Israel,normal,Israel Division 4 (Liga Bet),pin88,2022-12-09,units,1,1.0330578512396695,1.0330578512396695,,0.875,0.847
MSK Kiryat Yam vs. Ironi Bnei Kabul,Football,ah,n/a,Israel,normal,Israel Division 4 (Liga Bet),fair,2022-12-09,units,2,3.0051652892561984,3.0051652892561984,,2.8770661157024793,0.9573736679271228
MSK Kiryat Yam vs. Ironi Bnei Kabul,Football,ahou,over,Israel,normal,Israel Division 4 (Liga Bet),fair,2022-12-09,units,2,0.41219008264462814,0.41219008264462814,,-0.4132231404958678,-1.0025062656641603
MSK Kiryat Yam vs. Ironi Bnei Kabul,Football,taou,over,Israel,normal,Israel Division 4 (Liga Bet),pin88,2022-12-09,units,4,5.163223140495868,5.163223140495868,,4.267561983471075,0.826530612244898
MSK Kiryat Yam vs. Ironi Bnei Kabul,Football (Half Time),1x2,n/a,Israel,normal,Israel Division 4 (Liga Bet),fair,2022-12-09,units,3,1.3429752066115703,1.3429752066115703,,10.090909090909092,7.5138461538461545
MSK Kiryat Yam vs. Ironi Bnei Kabul,Football (Half Time),ah,home,Israel,normal,Israel Division 4 (Liga Bet),pin88,2022-12-09,units,2,2.066115702479339,1.0330578512396695,,-1.0330578512396695,-1.0
MSK Kiryat Yam vs. Ironi Bnei Kabul,Football (Half Time),ou,over,Israel,normal,Israel Division 4 (Liga Bet),fair,2022-12-09,units,3,1.7448347107438018,1.7448347107438018,,-1.7427685950413223,-0.9988158673771462
MSK Zilina U19 vs. ZP Sport Podbrezova U19,Football,ahou,under,Slovakia (Slovak Republic),normal,Slovakia League U19,pin88,2022-11-12,units,2,2.066115702479339,2.066115702479339,,-2.066115702479339,-1.0
Maccabi Be'er Sheva FC vs. Beitar Ironi Kiryat Gat,Football,ahou,over,Israel,normal,Israel Division 4 (Liga Bet),fair,2022-12-16,units,3,1.0330578512396695,0.7747933884297521,,-0.7747933884297521,-1.0
Maccabi Be'er Sheva FC vs. Beitar Ironi Kiryat Gat,Football,ahou,over,Israel,normal,Israel Division 4 (Liga Bet),pin88,2022-12-16,units,2,2.066115702479339,1.0330578512396695,,-1.0330578512396695,-1.0
Maccabi Bnei Reiyne vs. Maccabi Tel Aviv,Football,1x2,n/a,Israel,normal,"Israel Premier League (Ligat ha'Al, Ligat Toto)",fair,2022-12-19,units,1,0.5165289256198348,0.5165289256198348,,-0.5165289256198348,-1.0
Maccabi Bnei Reiyne vs. Maccabi Tel Aviv,Football,ah,away,Israel,normal,"Israel Premier League (Ligat ha'Al, Ligat Toto)",isn,2022-12-19,units,1,3.3057851239669422,0.0,,0.0,
Maccabi Bnei Reiyne vs. Maccabi Tel Aviv,Football,ah,home,Israel,normal,"Israel Premier League (Ligat ha'Al, Ligat Toto)",ibc,2022-12-19,units,2,2.0619834710743805,0.5154958677685951,,0.3801652892561983,0.7374749498997996
Maccabi Bnei Reiyne vs. Maccabi Tel Aviv,Football,ah,home,Israel,normal,"Israel Premier League (Ligat ha'Al, Ligat Toto)",isn,2022-12-19,units,1,2.066115702479339,1.0330578512396695,,0.8099173553719008,0.784
Maccabi Bnei Reiyne vs. Maccabi Tel Aviv,Football,eh,n/a,Israel,normal,"Israel Premier League (Ligat ha'Al, Ligat Toto)",ibc,2022-12-19,units,1,0.09917355371900827,0.09917355371900827,,-0.09917355371900827,-1.0
Maccabi Emek Hefer Women vs. Hapoel Be'er Sheva FC Women,Football (Half Time),1x2,n/a,Israel,normal,Israel Ligat Al Women,pin88,2022-12-05,units,1,1.0330578512396695,1.0330578512396695,,-1.0330578512396695,-1.0
Maccabi Haifa FC U19 vs. Hapoel Marmorek U19,Football,ah,away,Israel,normal,Israel Elite Division U19,ibc,2022-12-17,units,2,3.888429752066116,3.888429752066116,,-3.888429752066116,-1.0
Maccabi Ironi Kiryat Malakhi vs. Maccabi Be'er Sheva FC,Football,ahou,under,Israel,normal,Israel Division 4 (Liga Bet),fair,2022-11-08,units,1,1.0330578512396695,1.0330578512396695,,-1.0330578512396695,-1.0
Maccabi Ironi Netivot vs. Hapoel Ironi Gedera,Football,ah,home,Israel,normal,Israel Division 4 (Liga Bet),ibc,2022-12-09,units,2,2.0619834710743805,1.546487603305785,,0.32644628099173556,0.21108884435537745
Maccabi Ironi Netivot vs. Hapoel Ironi Gedera,Football,ahou,over,Israel,normal,Israel Division 4 (Liga Bet),fair,2022-12-09,units,2,1.0299586776859504,1.0299586776859504,,1.2458677685950414,1.20962888665998
Maccabi Ironi Netivot vs. Hapoel Ironi Gedera,Football,ahou,over,Israel,normal,Israel Division 4 (Liga Bet),ibc,2022-12-09,units,3,3.09297520661157,3.09297520661157,,2.7303719008264467,0.8827655310621244
Maccabi Ironi Netivot vs. Hapoel Ironi Gedera,Football,ou,over,Israel,normal,Israel Division 4 (Liga Bet),fair,2022-12-09,units,1,1.0299586776859504,1.0299586776859504,,0.9679752066115702,0.9398194583751254
Maccabi Ironi Netivot vs. Hapoel Ironi Gedera,Football,taou,over,Israel,normal,Israel Division 4 (Liga Bet),pin88,2022-12-09,units,2,2.066115702479339,2.066115702479339,,2.487603305785124,1.204
Maccabi Ironi Sderot vs. Hapoel Segev Shalom,Football,score,n/a,Israel,normal,Israel Division 4 (Liga Bet),fair,2022-11-04,units,10,1.6642561983471074,1.6642561983471074,,1.8491735537190084,1.1111111111111112
Maccabi Ironi Sderot vs. MS Hapoel Yeroham,Football,ah,away,Israel,normal,Israel Division 4 (Liga Bet),ibc,2022-11-08,units,1,3.1053719008264467,3.1053719008264467,,2.5661157024793386,0.8263473053892214
Maccabi Ironi Sderot vs. MS Hapoel Yeroham,Football,ahou,under,Israel,normal,Israel Division 4 (Liga Bet),fair,2022-11-08,units,2,1.0320247933884297,1.0320247933884297,,-1.0330578512396695,-1.001001001001001
Maccabi Ironi Sderot vs. MS Hapoel Yeroham,Football,taou,over,Israel,normal,Israel Division 4 (Liga Bet),pin88,2022-11-08,units,1,3.0981404958677685,3.0981404958677685,,3.2799586776859506,1.0586862287429144
Maccabi Ironi Sderot vs. MS Hapoel Yeroham,Football,taou,under,Israel,normal,Israel Division 4 (Liga Bet),pin88,2022-11-08,units,1,4.6477272727272725,4.6477272727272725,,-4.6477272727272725,-1.0
Maccabi Tel Aviv U19 vs. Beitar Jerusalem Oren U19,Football,ah,home,Israel,normal,Israel Elite Division U19,pin88,2022-12-10,units,1,3.0981404958677685,1.5485537190082646,,-1.5506198347107438,-1.0013342228152102
Maccabi Tel Aviv U19 vs. Beitar Jerusalem Oren U19,Football,ahou,over,Israel,normal,Israel Elite Division U19,pin88,2022-12-10,units,1,1.0330578512396695,1.0330578512396695,,-1.0330578512396695,-1.0
Maccabi Tel Aviv U19 vs. Beitar Jerusalem Oren U19,Football,taou,over,Israel,normal,Israel Elite Division U19,pin88,2022-12-10,units,1,1.0330578512396695,1.0330578512396695,,-1.0330578512396695,-1.0
Madura United vs. PS Indonesia Semarang (PSIS),Football,1x2,n/a,Indonesia,normal,Indonesia Liga 1,fair,2022-12-05,units,1,2.066115702479339,2.066115702479339,,-2.066115702479339,-1.0
Madura United vs. PS Indonesia Semarang (PSIS),Football,1x2,n/a,Indonesia,normal,Indonesia Liga 1,smk,2022-12-05,units,2,3.4855371900826446,3.4855371900826446,,-3.4865702479338845,-1.0002963841138115
Madura United vs. PS Indonesia Semarang (PSIS),Football,ah,away,Indonesia,normal,Indonesia Liga 1,sharp,2022-12-05,units,2,5.161157024793388,5.161157024793388,,8.830578512396695,1.710968775020016
Madura United vs. PS Indonesia Semarang (PSIS),Football,ah,home,Indonesia,normal,Indonesia Liga 1,fair,2022-12-05,units,1,2.066115702479339,2.066115702479339,,-2.066115702479339,-1.0
Madura United vs. PS Indonesia Semarang (PSIS),Football,ah,home,Indonesia,normal,Indonesia Liga 1,smk,2022-12-05,units,1,2.065082644628099,2.065082644628099,,-2.065082644628099,-1.0
Madura United vs. PS Indonesia Semarang (PSIS),Football,ah,n/a,Indonesia,normal,Indonesia Liga 1,smk,2022-12-05,units,1,1.859504132231405,1.859504132231405,,-1.8584710743801653,-0.9994444444444445
Madura United vs. PS Indonesia Semarang (PSIS),Football (Half Time),1x2,n/a,Indonesia,normal,Indonesia Liga 1,fair,2022-12-05,units,1,1.0330578512396695,1.0330578512396695,,-1.0330578512396695,-1.0
Malaysia vs. Maldives,Football,ah,home,International,normal,International Friendly,pin88,2022-12-14,units,2,3.0991735537190084,2.5826446280991737,,1.359504132231405,0.5264
Malaysia vs. Maldives,Football,ah,home,International,normal,International Friendly,sharp,2022-12-14,units,1,5.680785123966943,5.680785123966943,,5.097107438016529,0.8972540461902164
Malta vs. Republic of Ireland,Football,ah,away,International,normal,International Friendly,sharp,2022-11-20,units,2,7.231404958677686,0.0,,0.0,
Manama vs. Bahrain Club,Football,ahou,over,Bahrain,normal,Bahrain Premier League,fair,2022-12-08,units,1,0.5165289256198348,0.5165289256198348,,0.45454545454545453,0.88
Manama vs. Bahrain Club,Football,ahou,under,Bahrain,normal,Bahrain Premier League,ibc,2022-12-08,units,2,6.198347107438017,0.0,,0.0,
Manama vs. Bahrain Club,Football,ou,over,Bahrain,normal,Bahrain Premier League,fair,2022-12-08,units,4,3.615702479338843,3.615702479338843,,2.861570247933884,0.7914285714285714
Manama vs. Bahrain Club,Football,score,n/a,Bahrain,normal,Bahrain Premier League,fair,2022-12-08,units,1,1.0330578512396695,1.0330578512396695,,1.896694214876033,1.8359999999999999
Manama vs. Bahrain Club,Football (Half Time),ou,over,Bahrain,normal,Bahrain Premier League,fair,2022-12-08,units,1,1.0330578512396695,1.0330578512396695,,1.3326446280991737,1.29
Manchester United vs. Nottingham Forest,Football,score,n/a,England,normal,England Premier League,fair,2022-12-27,units,3,2.066115702479339,2.066115702479339,,1.6807851239669422,0.8135
Manisa FK U19 vs. Caykur Rizespor U19,Football,ah,away,Turkey,normal,Turkey Elite League U19,pin88,2022-11-26,units,2,4.128099173553719,4.128099173553719,,-4.128099173553719,-1.0
Manisa FK U19 vs. Denizlispor U19,Football (Half Time),ah,home,Turkey,normal,Turkey Elite League U19,pin88,2022-11-19,units,2,5.162190082644628,5.162190082644628,,4.728305785123967,0.9159495697418452
Markz Balata vs. Al Birah Institution,Football,ah,home,Palestinian Territory,normal,Palestine West Bank League,pin88,2022-11-11,units,1,3.0960743801652892,3.0960743801652892,,2.535123966942149,0.8188188188188189
Markz Balata vs. Al Birah Institution,Football,ahou,over,Palestinian Territory,normal,Palestine West Bank League,pin88,2022-11-11,units,1,1.0330578512396695,1.0330578512396695,,0.7944214876033058,0.769
Markz Balata vs. Al Birah Institution,Football,taou,over,Palestinian Territory,normal,Palestine West Bank League,pin88,2022-11-11,units,2,2.066115702479339,2.066115702479339,,2.43595041322314,1.1789999999999998
Maroons vs. Express Red Eagles,Football (Half Time),1x2,n/a,Uganda,normal,Uganda Premier League,fair,2022-12-16,units,1,1.0330578512396695,1.0330578512396695,,-1.0330578512396695,-1.0
Megt & Centre vs. Kodagu FC,Football,ah,home,India,normal,India Bangalore Super Division,pin88,2022-11-04,units,1,4.131198347107438,2.066115702479339,,-2.0671487603305785,-1.0005
Megt & Centre vs. Kodagu FC,Football,ahou,under,India,normal,India Bangalore Super Division,pin88,2022-11-04,units,1,4.131198347107438,4.131198347107438,,3.24896694214876,0.7864466116529132
Melbourne City Women vs. Perth Glory Women,Football,1x2,n/a,Australia,normal,Australia A-League Women,sharp,2022-12-27,units,1,0.5144628099173554,0.5144628099173554,,-0.5144628099173554,-1.0
Melbourne City Women vs. Perth Glory Women,Football,ah,home,Australia,normal,Australia A-League Women,isn,2022-12-27,units,1,2.066115702479339,2.066115702479339,,-2.066115702479339,-1.0
Melbourne City Women vs. Perth Glory Women,Football,ahou,over,Australia,normal,Australia A-League Women,isn,2022-12-27,units,2,2.066115702479339,2.066115702479339,,-2.066115702479339,-1.0
Melbourne City Women vs. Perth Glory Women,Football,ahou,over,Australia,normal,Australia A-League Women,pin88,2022-12-27,units,2,2.066115702479339,2.066115702479339,,-2.066115702479339,-1.0
Melbourne City Women vs. Perth Glory Women,Football,taou,over,Australia,normal,Australia A-League Women,pin88,2022-12-27,units,2,2.066115702479339,2.066115702479339,,-2.066115702479339,-1.0
Mexico vs. Poland,Football,ah,away,International world cup,normal,FIFA World Cup,sbo,2022-11-22,units,1,2.06301652892562,0.0,,0.0,
Michigan Stars FC vs. Albion SC Pros,Football,ah,away,United States,normal,USA National Independent Soccer Association,pin88,2022-11-06,units,1,3.0981404958677685,3.0981404958677685,,-3.0981404958677685,-1.0
Ming Chuan University vs. Taichung FA Futuro,Football,ahou,over,Taiwan,normal,Taiwan Football Premier League,fair,2022-11-06,units,5,1.0165289256198347,1.0165289256198347,,-1.015495867768595,-0.9989837398373983
Ming Chuan University vs. Taichung FA Futuro,Football,ahou,under,Taiwan,normal,Taiwan Football Premier League,fair,2022-11-06,units,1,1.0330578512396695,1.0330578512396695,,2.069214876033058,2.003
Ming Chuan University vs. Taichung FA Futuro,Football,ou,over,Taiwan,normal,Taiwan Football Premier League,fair,2022-11-06,units,2,0.19421487603305784,0.19421487603305784,,-0.19524793388429754,-1.0053191489361704
Ming Chuan University vs. Taichung FA Futuro,Football,ou,under,Taiwan,normal,Taiwan Football Premier League,fair,2022-11-06,units,1,1.0330578512396695,1.0330578512396695,,2.069214876033058,2.003
Misr Lel Makasa vs. Asyout Cement,Football,ah,home,Egypt,normal,Egypt Division 2 A,ibc,2022-12-22,units,7,4.744834710743802,2.794421487603306,,-2.794421487603306,-1.0
Misr Lel Makasa vs. Asyout Cement,Football (Half Time),ah,home,Egypt,normal,Egypt Division 2 A,ibc,2022-12-22,units,1,0.7954545454545455,0.39772727272727276,,-0.39772727272727276,-1.0
Mohammedan SC Dhaka (BAN) vs. Rahmatganj MFS,Football,ah,away,Bangladesh,normal,Bangladesh Federation Cup,fair,2022-12-20,units,1,2.066115702479339,1.0330578512396695,,-1.0330578512396695,-1.0
Mohammedan SC Dhaka (BAN) vs. Rahmatganj MFS,Football,ah,n/a,Bangladesh,normal,Bangladesh Federation Cup,fair,2022-12-20,units,3,2.700413223140496,1.350206611570248,,-1.350206611570248,-1.0
Mohammedan SC Dhaka (BAN) vs. Rahmatganj MFS,Football,taou,over,Bangladesh,normal,Bangladesh Federation Cup,pin88,2022-12-20,units,1,3.0981404958677685,3.0981404958677685,,-3.0981404958677685,-1.0
Mombasa Elite vs. Shabana FC,Football,1x2,n/a,Kenya,normal,Kenya Super League,ibc,2022-12-14,units,1,1.0309917355371903,1.0309917355371903,,1.047520661157025,1.0160320641282565
Mombasa Elite vs. Shabana FC,Football,ah,away,Kenya,normal,Kenya Super League,ibc,2022-12-14,units,3,5.9504132231404965,5.9504132231404965,,5.9400826446281,0.9982638888888888
Mombasa Elite vs. Shabana FC,Football,ah,away,Kenya,normal,Kenya Super League,pin88,2022-12-14,units,1,1.2830578512396693,1.2830578512396693,,0.9276859504132232,0.7230273752012883
Mombasa Elite vs. Shabana FC,Football,ah,home,Kenya,normal,Kenya Super League,pin88,2022-12-14,units,2,2.066115702479339,0.0,,0.0,
Mons Calpe SC vs. Europa Point FC,Football,ah,away,Gibraltar,normal,Gibraltar Premier Division,pin88,2022-12-19,units,3,8.261363636363637,8.261363636363637,,7.380165289256198,0.8933350006252344
Mons Calpe SC vs. Europa Point FC,Football,ah,n/a,Gibraltar,normal,Gibraltar Premier Division,fair,2022-12-19,units,1,1.0309917355371903,0.0,,0.0,
Mons Calpe SC vs. Europa Point FC,Football,ahou,over,Gibraltar,normal,Gibraltar Premier Division,fair,2022-12-19,units,3,0.5113636363636364,0.5113636363636364,,-0.509297520661157,-0.9959595959595959
Mons Calpe SC vs. Europa Point FC,Football,ou,over,Gibraltar,normal,Gibraltar Premier Division,fair,2022-12-19,units,1,0.2066115702479339,0.2066115702479339,,-0.20557851239669422,-0.995
Mons Calpe SC vs. Europa Point FC,Football,taou,over,Gibraltar,normal,Gibraltar Premier Division,pin88,2022-12-19,units,1,2.0640495867768593,2.0640495867768593,,-2.0640495867768593,-1.0
Mons Calpe SC vs. Europa Point FC,Football (Half Time),ah,home,Gibraltar,normal,Gibraltar Premier Division,pin88,2022-12-19,units,1,1.0330578512396695,1.0330578512396695,,-1.0330578512396695,-1.0
Montenegro Women vs. Estonia Women,Football,ahou,over,International,normal,International Friendly Women,pin88,2022-11-14,units,1,3.612603305785124,3.612603305785124,,-3.612603305785124,-1.0
Montenegro Women vs. Estonia Women,Football,ahou,under,International,normal,International Friendly Women,pin88,2022-11-14,units,1,4.132231404958678,4.132231404958678,,3.6487603305785123,0.8829999999999999
Montevideo Wanderers Reserves vs. Plaza Colonia Reserves,Football,ahou,under,Uruguay,normal,Uruguay Reserve League,pin88,2022-12-05,units,1,1.0330578512396695,1.0330578512396695,,-1.0330578512396695,-1.0
Montevideo Wanderers Reserves vs. Plaza Colonia Reserves,Football (Half Time),ahou,under,Uruguay,normal,Uruguay Reserve League,pin88,2022-12-05,units,1,1.0330578512396695,1.0330578512396695,,-1.0330578512396695,-1.0
Muvanlai Athletics vs. AFC Thoubal,Football,taou,over,India,normal,India Manipur State League,pin88,2022-11-21,units,2,5.160123966942149,3.0960743801652892,,2.6177685950413223,0.8455121788455122
Myanmar vs. Malaysia,Football,ah,away,FIFA Region: AFC (Asia),normal,AFF Asean Football Championship (Suzuki Cup),ibc,2022-12-21,units,1,5.167355371900826,2.583677685950413,,-2.583677685950413,-1.0
Myanmar vs. Malaysia,Football,ahou,under,FIFA Region: AFC (Asia),normal,AFF Asean Football Championship (Suzuki Cup),pin88,2022-12-21,units,3,8.77892561983471,8.77892561983471,,7.4328512396694215,0.8466698046599199
Myanmar vs. Malaysia,Football,taou,over,FIFA Region: AFC (Asia),normal,AFF Asean Football Championship (Suzuki Cup),pin88,2022-12-21,units,1,5.163223140495868,5.163223140495868,,-5.163223140495868,-1.0
Myanmar vs. Malaysia,Football,taou,under,FIFA Region: AFC (Asia),normal,AFF Asean Football Championship (Suzuki Cup),pin88,2022-12-21,units,1,5.163223140495868,5.163223140495868,,5.4679752066115705,1.0590236094437775
Myanmar vs. Malaysia,Football (Corners),ahou,over,FIFA Region: AFC (Asia),normal,AFF Asean Football Championship (Suzuki Cup),ibc,2022-12-21,units,1,0.12396694214876033,0.12396694214876033,,0.12603305785123967,1.0166666666666666
Myanmar vs. Malaysia,Football (Corners),ahou,under,FIFA Region: AFC (Asia),normal,AFF Asean Football Championship (Suzuki Cup),ibc,2022-12-21,units,2,0.9194214876033058,0.9194214876033058,,-0.9194214876033058,-1.0
Myanmar vs. Malaysia,Football (Half Time Corners),ahou,over,FIFA Region: AFC (Asia),normal,AFF Asean Football Championship (Suzuki Cup),ibc,2022-12-21,units,1,1.0309917355371903,1.0309917355371903,,-1.0309917355371903,-1.0
Myanmar vs. Malaysia,Football (Half Time),1x2,n/a,FIFA Region: AFC (Asia),normal,AFF Asean Football Championship (Suzuki Cup),fair,2022-12-21,units,1,0.5165289256198348,0.5165289256198348,,-0.5165289256198348,-1.0
Myanmar vs. Malaysia,Football (Half Time),ah,home,FIFA Region: AFC (Asia),normal,AFF Asean Football Championship (Suzuki Cup),pin88,2022-12-21,units,1,2.0640495867768593,0.0,,0.0,
NA Hussein Dey U19 vs. USM El Harrach U19,Football,ah,home,Algeria,normal,Algeria League U19,pin88,2022-11-26,units,1,1.0330578512396695,1.0330578512396695,,-1.0330578512396695,-1.0
NA Hussein Dey U19 vs. USM El Harrach U19,Football,taou,over,Algeria,normal,Algeria League U19,pin88,2022-11-26,units,2,4.128099173553719,4.128099173553719,,-4.128099173553719,-1.0
ND Gorica vs. Bravo Publikum,Football (Half Time),ou,over,Slovenia,normal,Slovenia 1. SNL (PrvaLiga Telekom Slovenije),fair,2022-12-06,units,3,0.2066115702479339,0.2066115702479339,,0.16322314049586778,0.79
NK Dinamo Zagreb U19 vs. HNK Hajduk Split U19,Football,1x2,n/a,Croatia (Hrvatska),normal,Croatia 1. HNL Juniori U19,fair,2022-11-07,units,1,0.5165289256198348,0.5165289256198348,,-0.5165289256198348,-1.0
NK Dinamo Zagreb U19 vs. HNK Hajduk Split U19,Football,ahou,under,Croatia (Hrvatska),normal,Croatia 1. HNL Juniori U19,fair,2022-11-07,units,1,2.066115702479339,2.066115702479339,,1.75,0.847
NK Dinamo Zagreb U19 vs. HNK Hajduk Split U19,Football,score,n/a,Croatia (Hrvatska),normal,Croatia 1. HNL Juniori U19,fair,2022-11-07,units,1,1.0330578512396695,1.0330578512396695,,-1.0330578512396695,-1.0
NK Lokomotiva Zagreb U19 vs. HNK Sibenik U19,Football,ah,home,Croatia (Hrvatska),normal,Croatia 1. HNL Juniori U19,pin88,2022-11-11,units,1,1.0330578512396695,1.0330578512396695,,0.9287190082644629,0.8989999999999999
NK Olimpija Ljubljana vs. ND Mura 05,Football,ah,away,Slovenia,normal,Slovenia 1. SNL (PrvaLiga Telekom Slovenije),fair,2022-12-08,units,1,1.0330578512396695,0.0,,0.0,
NK Olimpija Ljubljana vs. ND Mura 05,Football,ahou,under,Slovenia,normal,Slovenia 1. SNL (PrvaLiga Telekom Slovenije),bdaq,2022-12-08,units,1,0.6198347107438017,0.6198347107438017,,0.47520661157024796,0.7666666666666667
NK Olimpija Ljubljana vs. ND Mura 05,Football,ahou,under,Slovenia,normal,Slovenia 1. SNL (PrvaLiga Telekom Slovenije),fair,2022-12-08,units,3,0.6642561983471075,0.6642561983471075,,0.5454545454545454,0.8211508553654744
NK Olimpija Ljubljana vs. ND Mura 05,Football,ou,over,Slovenia,normal,Slovenia 1. SNL (PrvaLiga Telekom Slovenije),fair,2022-12-08,units,1,1.0330578512396695,1.0330578512396695,,-1.0330578512396695,-1.0
NK Olimpija Ljubljana vs. ND Mura 05,Football,score,n/a,Slovenia,normal,Slovenia 1. SNL (PrvaLiga Telekom Slovenije),ibc,2022-12-08,units,1,1.0309917355371903,1.0309917355371903,,-1.0309917355371903,-1.0
NK Primorje Ajdovščina vs. NK Zagorje,Football,ah,home,Slovenia,normal,Slovenia Cup (Pokal Hervis),pin88,2022-11-09,units,1,3.0981404958677685,3.0981404958677685,,2.973140495867769,0.9596532177392465
NK Primorje Ajdovščina vs. NK Zagorje,Football,ahou,over,Slovenia,normal,Slovenia Cup (Pokal Hervis),pin88,2022-11-09,units,4,5.1652892561983474,5.1652892561983474,,4.25309917355372,0.8234
Nabrouh vs. Al Hammam,Football,1x2,n/a,Egypt,normal,Egypt Division 2 A,fair,2022-12-14,units,7,1.0299586776859504,1.0299586776859504,,1.8832644628099173,1.8284854563691073
Nam Dinh FC vs. Vicem Hải Phòng FC,Football,ah,home,Vietnam,normal,Vietnam V-League,sharp,2022-11-08,units,1,5.1652892561983474,2.5826446280991737,,2.074380165289256,0.8032
Neftçi PFK Bakı vs. FK Qabala,Football,ahou,over,Azerbaijan,normal,Azerbaijan Premier League,isn,2022-11-12,units,1,3.0991735537190084,0.0,,0.0,
Nepal vs. Pakistan,Football,ah,home,International,normal,International Friendly,fair,2022-11-16,units,1,1.0330578512396695,0.0,,0.0,
Nepal vs. Pakistan,Football,ah,n/a,International,normal,International Friendly,fair,2022-11-16,units,1,8.263429752066116,8.263429752066116,,6.900826446280992,0.8351043880485061
Nepal vs. Pakistan,Football,ahou,under,International,normal,International Friendly,fair,2022-11-16,units,2,4.131198347107438,4.131198347107438,,-1.9772727272727273,-0.47861965491372843
Nepal vs. Pakistan,Football (Half Time),ou,under,International,normal,International Friendly,fair,2022-11-16,units,1,2.066115702479339,2.066115702479339,,1.6208677685950414,0.7845
Netherlands vs. Argentina,Football,1x2,n/a,International world cup,normal,FIFA World Cup,fair,2022-12-09,units,1,1.0330578512396695,1.0330578512396695,,7.066115702479339,6.84
Newry City FC Reserve vs. Ballymena United FC U20,Football,taou,over,Northern Ireland,normal,Northern Ireland Premiership Development League U20,pin88,2022-11-14,units,3,3.0991735537190084,3.0991735537190084,,-3.0991735537190084,-1.0
North District FC (HK) vs. Kwai Tsing DFA,Football,ah,home,Hong Kong,normal,Hong Kong 1st Division,pin88,2022-11-20,units,1,5.1652892561983474,5.1652892561983474,,-5.1652892561983474,-1.0
North District FC (HK) vs. Kwai Tsing DFA,Football,ahou,over,Hong Kong,normal,Hong Kong 1st Division,fair,2022-11-20,units,3,0.768595041322314,0.768595041322314,,0.6580578512396694,0.8561827956989247
North District FC (HK) vs. Kwai Tsing DFA,Football,ahou,over,Hong Kong,normal,Hong Kong 1st Division,pin88,2022-11-20,units,1,3.0960743801652892,0.0,,0.0,
North District FC (HK) vs. Kwai Tsing DFA,Football (Half Time),ou,under,Hong Kong,normal,Hong Kong 1st Division,fair,2022-11-20,units,2,5.054752066115702,5.054752066115702,,-5.055785123966942,-1.0002043735949315
North Macedonia U19 vs. Serbia U19,Football,ah,away,FIFA Region: UEFA (Europe),normal,UEFA European Championship U19,isn,2022-11-17,units,1,6.098140495867769,0.0,,0.0,
NorthEast United FC vs. Chennaiyin FC,Football,ahou,over,India,normal,India Hero Indian Super League,ibc,2022-12-10,units,1,4.136363636363637,4.136363636363637,,4.119834710743802,0.9960039960039959
NorthEast United FC vs. Chennaiyin FC,Football,ahou,under,India,normal,India Hero Indian Super League,ibc,2022-12-10,units,2,4.919421487603306,4.919421487603306,,-4.919421487603306,-1.0
Norway U19 vs. San Marino U19,Football,ah,home,FIFA Region: UEFA (Europe),normal,UEFA European Championship U19,ibc,2022-11-17,units,1,5.167355371900826,0.0,,0.0,
Norway U19 vs. San Marino U19,Football,ahou,under,FIFA Region: UEFA (Europe),normal,UEFA European Championship U19,ibc,2022-11-17,units,1,6.198347107438017,3.0991735537190084,,-3.0991735537190084,-1.0
OFI Crete vs. PAE Ionikos Nikaias,Football,ahou,over,International,normal,Club Friendly,pin88,2022-12-14,units,2,3.0991735537190084,3.0991735537190084,,2.4266528925619837,0.783
OFI Crete vs. PAE Ionikos Nikaias,Football,taou,over,International,normal,Club Friendly,pin88,2022-12-14,units,2,5.162190082644628,5.162190082644628,,4.083677685950414,0.7910746447868722
Olympic El Qanah vs. Mostaqbal Watan Club,Football,ah,home,Egypt,normal,Egypt Division 2 A,fair,2022-11-14,units,1,3.0991735537190084,3.0991735537190084,,2.472107438016529,0.7976666666666667
Olympic El Qanah vs. Mostaqbal Watan Club,Football,ahou,under,Egypt,normal,Egypt Division 2 A,pin88,2022-11-14,units,1,2.919421487603306,2.919421487603306,,-2.919421487603306,-1.0
Olympic El Qanah vs. Mostaqbal Watan Club,Football,ou,under,Egypt,normal,Egypt Division 2 A,fair,2022-11-14,units,1,0.1756198347107438,0.1756198347107438,,-0.17665289256198347,-1.0058823529411764
PAO Rouf vs. Panachaiki FC,Football,1x2,n/a,Greece,normal,Greece Super League 2,ibc,2022-12-19,units,1,2.0619834710743805,2.0619834710743805,,2.0330578512396693,0.9859719438877755
PAO Rouf vs. Panachaiki FC,Football (Half Time),ah,home,Greece,normal,Greece Super League 2,pin88,2022-12-19,units,1,2.0640495867768593,0.0,,0.0,
PFC Lokomotiv Sofia vs. FK Vitosha Bistritsa,Football,ah,home,Bulgaria,normal,Bulgaria Cup,pin88,2022-11-28,units,2,2.066115702479339,2.066115702479339,,1.7644628099173556,0.854
PFC Lokomotiv Sofia vs. FK Vitosha Bistritsa,Football,ahou,over,Bulgaria,normal,Bulgaria Cup,pin88,2022-11-28,units,2,6.195247933884297,4.6466942148760335,,4.2820247933884295,0.921520675855936
PFC Lokomotiv Sofia vs. FK Vitosha Bistritsa,Football (Half Time),1x2,n/a,Bulgaria,normal,Bulgaria Cup,pin88,2022-11-28,units,2,1.2396694214876034,1.2396694214876034,,-1.2396694214876034,-1.0
PFK Turan Tovuz vs. Qarabağ FK,Football,ahou,over,Azerbaijan,normal,Azerbaijan Premier League,fair,2022-11-09,units,3,1.4989669421487604,1.4989669421487604,,-1.5000000000000002,-1.0006891798759476
PFK Turan Tovuz vs. Qarabağ FK,Football,ahou,under,Azerbaijan,normal,Azerbaijan Premier League,fair,2022-11-09,units,1,3.455578512396694,3.455578512396694,,2.699380165289256,0.7811659192825112
PFK Turan Tovuz vs. Qarabağ FK,Football,ahou,under,Azerbaijan,normal,Azerbaijan Premier League,pin88,2022-11-09,units,1,1.7086776859504131,1.7086776859504131,,1.3347107438016528,0.781136638452237
PS Indonesia Kediri (Persik) vs. Persib Bandung,Football,ahou,over,Indonesia,normal,Indonesia Liga 1,fair,2022-12-07,units,1,1.0330578512396695,1.0330578512396695,,-1.0330578512396695,-1.0
PS Indonesia Kediri (Persik) vs. Persib Bandung,Football,taou,over,Indonesia,normal,Indonesia Liga 1,pin88,2022-12-07,units,3,3.0991735537190084,0.0,,0.0,
PSM Makassar vs. PS Indonesia Semarang (PSIS),Football,ah,home,Indonesia,normal,Indonesia Liga 1,ibc,2022-12-19,units,2,2.84504132231405,2.84504132231405,,3.277892561983471,1.152142338416848
PSM Makassar vs. PS Indonesia Semarang (PSIS),Football,ah,home,Indonesia,normal,Indonesia Liga 1,isn,2022-12-19,units,1,1.0330578512396695,1.0330578512396695,,1.2830578512396693,1.242
PSM Makassar vs. PS Indonesia Semarang (PSIS),Football,ah,n/a,Indonesia,normal,Indonesia Liga 1,fair,2022-12-19,units,1,0.25,0.25,,0.3181818181818182,1.2727272727272727
PSM Makassar vs. Persikabo 1973,Football,1x2,n/a,Indonesia,normal,Indonesia Liga 1,fair,2022-12-05,units,2,2.066115702479339,2.066115702479339,,1.5547520661157024,0.7525
PSM Makassar vs. Persikabo 1973,Football,ahou,over,Indonesia,normal,Indonesia Liga 1,fair,2022-12-05,units,2,1.5237603305785123,1.5237603305785123,,3.7861570247933884,2.4847457627118645
PSM Makassar vs. Persikabo 1973,Football,ahou,under,Indonesia,normal,Indonesia Liga 1,bdaq,2022-12-05,units,2,1.6745867768595042,1.6745867768595042,,-1.6745867768595042,-1.0
PSM Makassar vs. Persikabo 1973,Football,ahou,under,Indonesia,normal,Indonesia Liga 1,sharp,2022-12-05,units,1,3.4886363636363638,3.4886363636363638,,-3.4886363636363638,-1.0
PSM Makassar vs. Persita Tangerang,Football (Half Time),ah,away,Indonesia,normal,Indonesia Liga 1,pin88,2022-12-08,units,1,3.0981404958677685,0.0,,0.0,
PSS Sleman vs. Madura United,Football,1x2,n/a,Indonesia,normal,Indonesia Liga 1,fair,2022-12-08,units,1,0.30991735537190085,0.30991735537190085,,-0.30991735537190085,-1.0
PSS Sleman vs. Madura United,Football,ahou,over,Indonesia,normal,Indonesia Liga 1,fair,2022-12-08,units,1,1.0227272727272727,0.0,,0.0,
PSS Sleman vs. Madura United,Football,ahou,over,Indonesia,normal,Indonesia Liga 1,isn,2022-12-08,units,1,3.0991735537190084,1.5495867768595042,,-1.5495867768595042,-1.0
PSS Sleman vs. Madura United,Football,taou,over,Indonesia,normal,Indonesia Liga 1,pin88,2022-12-08,units,1,1.0330578512396695,1.0330578512396695,,0.8398760330578513,0.8130000000000001
Pachuca II vs. Cimarrones de Sonora II,Football,ah,home,Mexico,normal,Mexico Segunda División (Premier de Ascenso & Nuevos Talentos),pin88,2022-11-06,units,1,1.0330578512396695,1.0330578512396695,,1.09400826446281,1.059
Pachuca II vs. Cimarrones de Sonora II,Football,taou,over,Mexico,normal,Mexico Segunda División (Premier de Ascenso & Nuevos Talentos),pin88,2022-11-06,units,2,2.066115702479339,2.066115702479339,,2.6219008264462813,1.269
Paide Linnameeskond II vs. FC Nomme United,Football,ah,home,Estonia,normal,Estonia Esiliiga,ibc,2022-11-05,units,1,4.136363636363637,4.136363636363637,,-4.136363636363637,-1.0
Paide Linnameeskond II vs. FC Nomme United,Football,ahou,over,Estonia,normal,Estonia Esiliiga,fair,2022-11-05,units,1,2.066115702479339,2.066115702479339,,1.6952479338842974,0.8204999999999999
Paide Linnameeskond II vs. FC Nomme United,Football,ou,over,Estonia,normal,Estonia Esiliiga,fair,2022-11-05,units,2,2.0464876033057853,2.0464876033057853,,1.6797520661157026,0.8207975769813226
Paide Linnameeskond II vs. FC Nomme United,Football,taou,over,Estonia,normal,Estonia Esiliiga,pin88,2022-11-05,units,2,2.066115702479339,2.066115702479339,,-2.066115702479339,-1.0
Paide Linnameeskond II vs. FC Nomme United,Football (Half Time),1x2,n/a,Estonia,normal,Estonia Esiliiga,fair,2022-11-05,units,1,0.5165289256198348,0.5165289256198348,,-0.5165289256198348,-1.0
Paide Linnameeskond II vs. FC Nomme United,Football (Half Time),ahou,over,Estonia,normal,Estonia Esiliiga,ibc,2022-11-05,units,1,2.0619834710743805,2.0619834710743805,,2.053719008264463,0.9959919839679359
Panathinaikos AO vs. Volos NFC,Football,ah,away,Greece,normal,Greece Cup,isn,2022-12-15,units,1,2.066115702479339,2.066115702479339,,-2.066115702479339,-1.0
Panathinaikos AO vs. Volos NFC,Football,ah,home,Greece,normal,Greece Cup,sharp,2022-12-15,units,1,3.097107438016529,3.097107438016529,,2.853305785123967,0.9212808539026017
Panathinaikos AO vs. Volos NFC,Football (Half Time),1x2,n/a,Greece,normal,Greece Cup,fair,2022-12-15,units,2,0.506198347107438,0.506198347107438,,-0.506198347107438,-1.0
Panetolikos vs. RSC Anderlecht,Football,ah,away,International,normal,Club Friendly,pin88,2022-12-06,units,1,6.198347107438017,6.198347107438017,,-6.198347107438017,-1.0
Panetolikos vs. RSC Anderlecht,Football,ah,home,International,normal,Club Friendly,isn,2022-12-06,units,1,6.168388429752066,6.168388429752066,,6.125,0.9929660023446659
Paradou Athletic Club vs. WA Mostaganem,Football,ah,away,Algeria,normal,Algeria Cup,pin88,2022-12-20,units,1,2.0640495867768593,2.0640495867768593,,1.7613636363636365,0.8533533533533534
Paris Saint-Germain Women vs. KS Vllaznia Shkodër Women,Football,ah,home,FIFA Region: UEFA (Europe),normal,UEFA Champions League Women,pin88,2022-11-23,units,3,8.259297520661157,8.259297520661157,,7.081611570247934,0.8574108818011258
Parnu Jalgpalliklubi vs. FC Nomme United,Football,ahou,over,Estonia,normal,Estonia Esiliiga,fair,2022-11-13,units,1,1.0330578512396695,1.0330578512396695,,-1.0330578512396695,-1.0
Parnu Jalgpalliklubi vs. FC Nomme United,Football,taou,over,Estonia,normal,Estonia Esiliiga,pin88,2022-11-13,units,1,1.0330578512396695,1.0330578512396695,,-1.0330578512396695,-1.0
Paro FC vs. Transport United FC,Football,ou,over,Bhutan,normal,Bhutan Thimphu Premier League,fair,2022-12-16,units,1,1.0330578512396695,1.0330578512396695,,1.0299586776859504,0.997
Paro Rinpung vs. Druk Lhayul FC,Football,ah,away,Bhutan,normal,Bhutan Thimphu Premier League,ibc,2022-12-14,units,2,2.0619834710743805,2.0619834710743805,,2.191115702479339,1.062625250501002
Paro Rinpung vs. Druk Lhayul FC,Football,ah,away,Bhutan,normal,Bhutan Thimphu Premier League,pin88,2022-12-14,units,1,1.0330578512396695,1.0330578512396695,,0.9287190082644629,0.8989999999999999
Paro Rinpung vs. Druk Lhayul FC,Football,taou,over,Bhutan,normal,Bhutan Thimphu Premier League,pin88,2022-12-14,units,4,4.132231404958678,1.0330578512396695,,1.4762396694214877,1.4289999999999998
Partizan Beograd U19 vs. FK Vozdovac U19,Football (Half Time),ah,home,Serbia,normal,Serbia League U19,ibc,2022-12-07,units,2,1.1301652892561984,0.5650826446280992,,-0.5650826446280992,-1.0
Partizan Beograd U19 vs. FK Vozdovac U19,Football (Half Time),ahou,over,Serbia,normal,Serbia League U19,ibc,2022-12-07,units,3,2.696280991735537,2.696280991735537,,-2.696280991735537,-1.0
Persebaya Surabaya vs. Persatuan Sepak Bola Barito Putera,Football,ah,home,Indonesia,normal,Indonesia Liga 1,fair,2022-12-06,units,1,1.0330578512396695,1.0330578512396695,,0.9287190082644629,0.8989999999999999
Persebaya Surabaya vs. Persatuan Sepak Bola Barito Putera,Football,ah,n/a,Indonesia,normal,Indonesia Liga 1,fair,2022-12-06,units,2,2.053719008264463,2.053719008264463,,1.8667355371900827,0.9089537223340041
Persebaya Surabaya vs. Persatuan Sepak Bola Barito Putera,Football,ahou,over,Indonesia,normal,Indonesia Liga 1,fair,2022-12-06,units,7,3.025826446280992,2.796487603305785,,1.7603305785123966,0.629479128186184
Persebaya Surabaya vs. Persatuan Sepak Bola Barito Putera,Football,ou,over,Indonesia,normal,Indonesia Liga 1,fair,2022-12-06,units,1,0.5144628099173554,0.5144628099173554,,-0.5165289256198348,-1.0040160642570282
Persebaya Surabaya vs. Persatuan Sepak Bola Barito Putera,Football,taou,over,Indonesia,normal,Indonesia Liga 1,pin88,2022-12-06,units,1,1.0330578512396695,1.0330578512396695,,1.0733471074380165,1.0390000000000001
Persebaya Surabaya vs. Persatuan Sepak Bola Barito Putera,Football (Half Time),1x2,n/a,Indonesia,normal,Indonesia Liga 1,fair,2022-12-06,units,1,0.5154958677685951,0.5154958677685951,,-0.5165289256198348,-1.002004008016032
Persija Jakarta vs. Dewa United,Football,ah,away,Indonesia,normal,Indonesia Liga 1,isn,2022-12-20,units,1,0.8739669421487604,0.8739669421487604,,-0.8739669421487604,-1.0
Persija Jakarta vs. Dewa United,Football,ah,n/a,Indonesia,normal,Indonesia Liga 1,fair,2022-12-20,units,3,5.191115702479339,5.191115702479339,,-5.196280991735538,-1.0009950248756219
Persija Jakarta vs. Persebaya Surabaya,Football,ah,home,Indonesia,normal,Indonesia Liga 1,fair,2022-12-16,units,4,3.09400826446281,1.5475206611570247,,-1.5547520661157024,-1.0046728971962617
Persija Jakarta vs. Persebaya Surabaya,Football,ah,home,Indonesia,normal,Indonesia Liga 1,isn,2022-12-16,units,1,2.066115702479339,1.0330578512396695,,-1.0330578512396695,-1.0
Persis Solo vs. Persatuan Sepak Bola Barito Putera,Football,ah,home,Indonesia,normal,Indonesia Liga 1,isn,2022-12-14,units,2,2.066115702479339,2.066115702479339,,-2.066115702479339,-1.0
Persis Solo vs. Persatuan Sepak Bola Barito Putera,Football,ahou,over,Indonesia,normal,Indonesia Liga 1,isn,2022-12-14,units,2,2.066115702479339,2.066115702479339,,-2.066115702479339,-1.0
Persis Solo vs. Persatuan Sepak Bola Barito Putera,Football,score,n/a,Indonesia,normal,Indonesia Liga 1,fair,2022-12-14,units,1,1.0330578512396695,1.0330578512396695,,-1.0330578512396695,-1.0
Persis Solo vs. Persatuan Sepak Bola Barito Putera,Football (Half Time),1x2,n/a,Indonesia,normal,Indonesia Liga 1,bdaq,2022-12-14,units,1,1.0330578512396695,1.0330578512396695,,-1.0330578512396695,-1.0
Persis Solo vs. RANS Nusantara,Football,ahou,over,Indonesia,normal,Indonesia Liga 1,fair,2022-12-06,units,9,5.1291322314049586,5.1291322314049586,,5.078512396694214,0.9901309164149044
Persis Solo vs. RANS Nusantara,Football,ahou,over,Indonesia,normal,Indonesia Liga 1,pin88,2022-12-06,units,3,4.132231404958678,4.132231404958678,,3.3140495867768593,0.8019999999999999
Persis Solo vs. RANS Nusantara,Football,score,n/a,Indonesia,normal,Indonesia Liga 1,smk,2022-12-06,units,1,4.131198347107438,4.131198347107438,,3.4173553719008263,0.827206801700425
Persis Solo vs. RANS Nusantara,Football,taou,over,Indonesia,normal,Indonesia Liga 1,pin88,2022-12-06,units,4,4.132231404958678,4.132231404958678,,4.148760330578512,1.004
Persis Solo vs. RANS Nusantara,Football (Half Time),ah,away,Indonesia,normal,Indonesia Liga 1,pin88,2022-12-06,units,1,3.0981404958677685,3.0981404958677685,,-3.0981404958677685,-1.0
Pietà Hotspurs FC vs. Sirens,Football,ah,away,Malta,normal,Malta Premier League,fair,2022-12-10,units,1,1.0330578512396695,1.0330578512396695,,1.047520661157025,1.014
Pietà Hotspurs FC vs. Sirens,Football,ah,away,Malta,normal,Malta Premier League,pin88,2022-12-10,units,1,1.0330578512396695,0.0,,0.0,
Poland Women vs. Romania Women,Football,ah,home,International,normal,International Friendly Women,pin88,2022-11-11,units,1,5.681818181818182,5.681818181818182,,5.06198347107438,0.8909090909090909
Poland Women vs. Romania Women,Football,taou,over,International,normal,International Friendly Women,pin88,2022-11-11,units,4,6.198347107438017,6.198347107438017,,0.8522727272727273,0.1375
Police Tero FC vs. Kabin United FC,Football (Half Time),1x2,n/a,Thailand,normal,Thailand FA Cup,fair,2022-11-30,units,1,0.5165289256198348,0.5165289256198348,,-0.5165289256198348,-1.0
Police Tero FC vs. Kabin United FC,Football (Half Time),ahou,over,Thailand,normal,Thailand FA Cup,pin88,2022-11-30,units,2,4.1291322314049586,4.1291322314049586,,-4.1291322314049586,-1.0
Portimonense SC U23 vs. Sporting Lisbon U23,Football,ah,away,Portugal,normal,Portugal Liga Revelacao U23,pin88,2022-12-06,units,2,3.0991735537190084,3.0991735537190084,,-3.0991735537190084,-1.0
Portugal Women vs. Haiti Women,Football,ah,away,International,normal,International Friendly Women,pin88,2022-11-11,units,1,1.0330578512396695,1.0330578512396695,,-1.0330578512396695,-1.0
Portugal Women vs. Haiti Women,Football,ah,away,International,normal,International Friendly Women,sharp,2022-11-11,units,1,1.0330578512396695,1.0330578512396695,,-1.0330578512396695,-1.0
Portugal Women vs. Haiti Women,Football,ah,home,International,normal,International Friendly Women,pin88,2022-11-11,units,1,1.0330578512396695,1.0330578512396695,,0.8739669421487604,0.846
Portugal Women vs. Haiti Women,Football,ahou,over,International,normal,International Friendly Women,fair,2022-11-11,units,2,4.8150826446281,4.8150826446281,,4.662190082644628,0.9682471572623899
Portugal Women vs. Haiti Women,Football,ahou,over,International,normal,International Friendly Women,pin88,2022-11-11,units,1,10.330578512396695,10.330578512396695,,9.917355371900827,0.96
Portugal Women vs. Haiti Women,Football,ahou,under,International,normal,International Friendly Women,pin88,2022-11-11,units,1,5.1652892561983474,5.1652892561983474,,-5.1652892561983474,-1.0
Portugal Women vs. Haiti Women,Football,ahou,under,International,normal,International Friendly Women,sharp,2022-11-11,units,1,8.264462809917356,8.264462809917356,,-8.264462809917356,-1.0
Punjab FC (Minerva Punjab) vs. Punjab Police Jalandhar,Football,ah,home,India,normal,India Mizoram Premier League,fair,2022-11-25,units,4,1.965909090909091,1.965909090909091,,1.8233471074380168,0.9274829217025748
Punjab FC (Minerva Punjab) vs. Punjab Police Jalandhar,Football,ah,home,India,normal,India Mizoram Premier League,pin88,2022-11-25,units,1,2.0640495867768593,2.0640495867768593,,2.143595041322314,1.0385385385385386
Punjab FC (Minerva Punjab) vs. Punjab Police Jalandhar,Football,ah,n/a,India,normal,India Mizoram Premier League,fair,2022-11-25,units,1,3.035123966942149,3.035123966942149,,3.3264462809917354,1.0959836623553436
Pusamania Borneo FC vs. PSS Sleman,Football,1x2,n/a,Indonesia,normal,Indonesia Liga 1,fair,2022-12-12,units,1,1.0330578512396695,1.0330578512396695,,-1.0330578512396695,-1.0
Pusamania Borneo FC vs. PSS Sleman,Football,taou,over,Indonesia,normal,Indonesia Liga 1,pin88,2022-12-12,units,2,4.1291322314049586,4.1291322314049586,,-4.1291322314049586,-1.0
RANS Nusantara vs. Bhayangkara Surabaya United,Football,taou,over,Indonesia,normal,Indonesia Liga 1,pin88,2022-12-16,units,1,1.0330578512396695,1.0330578512396695,,-1.0330578512396695,-1.0
RANS Nusantara vs. Persikabo 1973,Football,ahou,over,Indonesia,normal,Indonesia Liga 1,fair,2022-12-09,units,3,3.302685950413223,3.302685950413223,,-3.302685950413223,-1.0
RANS Nusantara vs. Pusamania Borneo FC,Football,ah,home,Indonesia,normal,Indonesia Liga 1,fair,2022-12-19,units,1,2.066115702479339,2.066115702479339,,2.28099173553719,1.1039999999999999
RANS Nusantara vs. Pusamania Borneo FC,Football,ah,home,Indonesia,normal,Indonesia Liga 1,isn,2022-12-19,units,1,2.066115702479339,2.066115702479339,,1.537190082644628,0.744
RANS Nusantara vs. Pusamania Borneo FC,Football,ah,n/a,Indonesia,normal,Indonesia Liga 1,fair,2022-12-19,units,1,1.0330578512396695,1.0330578512396695,,1.084710743801653,1.05
RANS Nusantara vs. Pusamania Borneo FC,Football,ahou,over,Indonesia,normal,Indonesia Liga 1,isn,2022-12-19,units,2,3.0692148760330578,3.0692148760330578,,-3.0692148760330578,-1.0
RANS Nusantara vs. Pusamania Borneo FC,Football,ahou,under,Indonesia,normal,Indonesia Liga 1,sharp,2022-12-19,units,1,1.0289256198347108,1.0289256198347108,,0.8770661157024793,0.8524096385542168
RANS Nusantara vs. Pusamania Borneo FC,Football,taou,over,Indonesia,normal,Indonesia Liga 1,pin88,2022-12-19,units,1,1.0330578512396695,1.0330578512396695,,-1.0330578512396695,-1.0
RB Leipzig vs. SC Freiburg,Football,1x2,n/a,Germany,normal,Germany Bundesliga,bdaq,2022-11-09,units,1,1.0330578512396695,1.0330578512396695,,1.103305785123967,1.068
RB Leipzig vs. SC Freiburg,Football,ah,home,Germany,normal,Germany Bundesliga,pin88,2022-11-09,units,1,1.0330578512396695,1.0330578512396695,,0.9555785123966942,0.925
RB Leipzig vs. SC Freiburg,Football,ah,home,Germany,normal,Germany Bundesliga,sbo,2022-11-09,units,1,1.0330578512396695,1.0330578512396695,,1.012396694214876,0.98
RB Leipzig vs. SC Freiburg,Football,taou,over,Germany,normal,Germany Bundesliga,pin88,2022-11-09,units,3,5.162190082644628,5.162190082644628,,4.305785123966943,0.8341004602761658
RC Relizane U21 vs. ES Mostaganem U21,Football,ahou,over,Algeria,normal,Algeria Ligue 1 U21,fair,2022-11-15,units,1,0.5165289256198348,0.5165289256198348,,3.4111570247933884,6.604
RWD Molenbeek Reserves vs. K Lierse SK Reserves,Football,ah,n/a,Belgium,normal,Belgium Reserve League 1/2,fair,2022-11-21,units,1,6.198347107438017,6.198347107438017,,-6.198347107438017,-1.0
Racing Club de Grasse vs. AS Saint-Priest,Football,taou,over,France,normal,France Championnat National 2 (CFA),pin88,2022-12-14,units,2,2.066115702479339,2.066115702479339,,2.43595041322314,1.1789999999999998
Ramat Hasharon Women vs. AS Tel Aviv University Women,Football,1x2,n/a,Israel,normal,Israel Ligat Al Women,fair,2022-12-05,units,1,1.0330578512396695,1.0330578512396695,,-1.0330578512396695,-1.0
Ramat Hasharon Women vs. AS Tel Aviv University Women,Football,ahou,over,Israel,normal,Israel Ligat Al Women,fair,2022-12-05,units,2,1.5475206611570247,1.5475206611570247,,-1.546487603305785,-0.9993324432576769
Ramat Hasharon Women vs. AS Tel Aviv University Women,Football,ahou,over,Israel,normal,Israel Ligat Al Women,pin88,2022-12-05,units,2,4.131198347107438,4.131198347107438,,-4.131198347107438,-1.0
Reading FC U21 vs. Wolverhampton Wanderers FC U21,Football (Half Time),ahou,under,England,normal,England Premier League Cup U21,pin88,2022-12-19,units,1,3.0981404958677685,1.5485537190082646,,-1.5506198347107438,-1.0013342228152102
Real Kashmir FC vs. Punjab FC (Minerva Punjab),Football,ah,away,India,normal,India I-League Division 1,ibc,2022-12-12,units,1,2.0619834710743805,2.0619834710743805,,1.6425619834710745,0.7965931863727455
Real Kashmir FC vs. TRAU FC,Football,1x2,n/a,India,normal,India I-League Division 1,pin88,2022-12-01,units,1,2.0640495867768593,0.0,,0.0,
Real Kashmir FC vs. TRAU FC,Football,ah,home,India,normal,India I-League Division 1,pin88,2022-12-01,units,1,1.0330578512396695,0.0,,0.0,
Realidade Jovem Women vs. AFE Ferroviária (SP) Women,Football,ah,away,Brazil,normal,Brazil Campeonato Paulista (SP) Women,pin88,2022-11-20,units,2,4.131198347107438,1.5485537190082646,,-1.5506198347107438,-1.0013342228152102
Realidade Jovem Women vs. AFE Ferroviária (SP) Women,Football,ahou,over,Brazil,normal,Brazil Campeonato Paulista (SP) Women,pin88,2022-11-20,units,2,3.0991735537190084,0.0,,0.0,
Rebels FC vs. BUFC,Football,ah,away,India,normal,India Bangalore Super Division,pin88,2022-11-22,units,3,6.197314049586777,6.197314049586777,,4.855371900826446,0.7834639106517753
Rebels FC vs. BUFC,Football,ahou,over,India,normal,India Bangalore Super Division,pin88,2022-11-22,units,2,6.195247933884297,6.195247933884297,,-6.195247933884297,-1.0
Remo PA Women vs. Paysandu SC Women,Football,ah,away,Brazil,normal,Brazil Campeonato Paraense Women,pin88,2022-12-20,units,1,5.1652892561983474,5.1652892561983474,,-5.1652892561983474,-1.0
Remo PA Women vs. Paysandu SC Women,Football,ah,home,Brazil,normal,Brazil Campeonato Paraense Women,pin88,2022-12-20,units,1,1.0330578512396695,1.0330578512396695,,0.9287190082644629,0.8989999999999999
Remo PA Women vs. Paysandu SC Women,Football,taou,over,Brazil,normal,Brazil Campeonato Paraense Women,pin88,2022-12-20,units,4,7.228305785123967,7.228305785123967,,4.942148760330579,0.6837215949692727
Remo PA Women vs. Paysandu SC Women,Football (Half Time),ahou,under,Brazil,normal,Brazil Campeonato Paraense Women,pin88,2022-12-20,units,1,5.1652892561983474,5.1652892561983474,,-5.1652892561983474,-1.0
Roma vs. Casa Pia AC,Football,ah,home,International,normal,Club Friendly,isn,2022-12-19,units,2,5.079545454545454,0.0,,0.0,
Roma vs. Casa Pia AC,Football,taou,over,International,normal,Club Friendly,pin88,2022-12-19,units,1,1.0330578512396695,1.0330578512396695,,-1.0330578512396695,-1.0
Rudar Velenje vs. NK Rojko Dobrovce,Football,ahou,over,Slovenia,normal,Slovenia Cup (Pokal Hervis),fair,2022-11-10,units,1,2.066115702479339,2.066115702479339,,1.8016528925619835,0.872
Rudar Velenje vs. NK Rojko Dobrovce,Football,ahou,over,Slovenia,normal,Slovenia Cup (Pokal Hervis),pin88,2022-11-10,units,1,1.0330578512396695,1.0330578512396695,,0.9121900826446281,0.8829999999999999
Rudar Velenje vs. NK Rojko Dobrovce,Football,taou,over,Slovenia,normal,Slovenia Cup (Pokal Hervis),pin88,2022-11-10,units,1,3.0960743801652892,3.0960743801652892,,2.5144628099173554,0.8121454788121455
SC Farense U23 vs. GD Estoril Praia U23,Football,ah,away,Portugal,normal,Portugal Liga Revelacao U23,pin88,2022-12-06,units,2,3.0991735537190084,3.0991735537190084,,-3.0991735537190084,-1.0
SC Farense U23 vs. GD Estoril Praia U23,Football,taou,over,Portugal,normal,Portugal Liga Revelacao U23,pin88,2022-12-06,units,3,3.0991735537190084,1.0330578512396695,,2.425619834710744,2.348
SC Farense U23 vs. GD Estoril Praia U23,Football (Half Time),1x2,n/a,Portugal,normal,Portugal Liga Revelacao U23,fair,2022-12-06,units,1,0.5165289256198348,0.5165289256198348,,-0.5165289256198348,-1.0
SC Farense U23 vs. Portimonense SC U23,Football,ahou,over,Portugal,normal,Portugal Liga Revelacao U23,pin88,2022-12-19,units,2,6.191115702479339,6.191115702479339,,-6.191115702479339,-1.0
SC Farense U23 vs. Portimonense SC U23,Football,taou,over,Portugal,normal,Portugal Liga Revelacao U23,pin88,2022-12-19,units,2,2.066115702479339,2.066115702479339,,-0.20764462809917356,-0.1005
SC Ramla vs. AS Nordia Jerusalem,Football,ahou,over,Israel,normal,Israel Division 4 (Liga Bet),fair,2022-12-09,units,1,1.0330578512396695,1.0330578512396695,,-1.0330578512396695,-1.0
SC Ramla vs. AS Nordia Jerusalem,Football,ahou,over,Israel,normal,Israel Division 4 (Liga Bet),ibc,2022-12-09,units,3,8.794421487603305,8.794421487603305,,8.454545454545455,0.9613532244802069
SC Ramla vs. AS Nordia Jerusalem,Football (Half Time),1x2,n/a,Israel,normal,Israel Division 4 (Liga Bet),fair,2022-12-09,units,2,3.0991735537190084,3.0991735537190084,,-3.0991735537190084,-1.0
SC Ramla vs. AS Nordia Jerusalem,Football (Half Time),1x2,n/a,Israel,normal,Israel Division 4 (Liga Bet),ibc,2022-12-09,units,1,0.24793388429752067,0.24793388429752067,,-0.24793388429752067,-1.0
SC Ramla vs. AS Nordia Jerusalem,Football (Half Time),ah,away,Israel,normal,Israel Division 4 (Liga Bet),ibc,2022-12-09,units,1,0.7830578512396694,0.7830578512396694,,-0.7830578512396694,-1.0
SC de Braga U23 vs. Fc Vizela U23,Football,ah,home,Portugal,normal,Portugal Liga Revelacao U23,pin88,2022-12-12,units,1,2.580578512396694,2.580578512396694,,2.3202479338842976,0.899119295436349
SC de Braga U23 vs. Fc Vizela U23,Football,ah,n/a,Portugal,normal,Portugal Liga Revelacao U23,fair,2022-12-12,units,1,2.066115702479339,2.066115702479339,,-2.066115702479339,-1.0
SHB Da Nang U21 vs. Hoang Anh Gia Lai U21,Football,ah,home,Vietnam,normal,Vietnam Championship U21,pin88,2022-12-19,units,3,3.0991735537190084,0.0,,0.0,
SK Hradec Kralove vs. FK Mladá Boleslav,Football,ah,away,Czech Republic,normal,Czech Republic Winter League,isn,2022-11-25,units,1,4.115702479338843,4.115702479338843,,4.25206611570248,1.033132530120482
SK Hradec Kralove vs. FK Mladá Boleslav,Football,ou,over,Czech Republic,normal,Czech Republic Winter League,fair,2022-11-25,units,2,0.9669421487603306,0.9669421487603306,,0.8884297520661157,0.9188034188034189
SK Hradec Kralove vs. FK Mladá Boleslav,Football,taou,over,Czech Republic,normal,Czech Republic Winter League,pin88,2022-11-25,units,1,1.0330578512396695,1.0330578512396695,,0.881198347107438,0.853
SK Hradec Kralove vs. FK Mladá Boleslav,Football (Half Time),ah,away,Czech Republic,normal,Czech Republic Winter League,pin88,2022-11-25,units,1,3.0981404958677685,1.5485537190082646,,-1.5506198347107438,-1.0013342228152102
SK Jamal Dhanmondi vs. Azampur FC Uttara,Football,1x2,n/a,Bangladesh,normal,Bangladesh Federation Cup,fair,2022-12-20,units,1,0.4132231404958678,0.4132231404958678,,-0.4132231404958678,-1.0
SK Jamal Dhanmondi vs. Azampur FC Uttara,Football,ahou,under,Bangladesh,normal,Bangladesh Federation Cup,ibc,2022-12-20,units,1,1.0309917355371903,1.0309917355371903,,-1.0309917355371903,-1.0
SK Jamal Dhanmondi vs. Azampur FC Uttara,Football,ahou,under,Bangladesh,normal,Bangladesh Federation Cup,molly,2022-12-20,units,1,0.5568181818181819,0.5568181818181819,,-0.5568181818181819,-1.0
SK Jamal Dhanmondi vs. Azampur FC Uttara,Football (Half Time),1x2,n/a,Bangladesh,normal,Bangladesh Federation Cup,fair,2022-12-20,units,1,1.0330578512396695,1.0330578512396695,,-1.0330578512396695,-1.0
SL Benfica U19 vs. CS Maritimo U19,Football,ah,away,Portugal,normal,Portugal U19 League (Divisao Juniores),fair,2022-12-10,units,1,5.1652892561983474,5.1652892561983474,,-5.1652892561983474,-1.0
SL Benfica U19 vs. CS Maritimo U19,Football (Half Time),ah,home,Portugal,normal,Portugal U19 League (Divisao Juniores),ibc,2022-12-10,units,1,1.0309917355371903,1.0309917355371903,,-1.0309917355371903,-1.0
SL Benfica Women vs. FC Rosengard Women,Football,ah,away,FIFA Region: UEFA (Europe),normal,UEFA Champions League Women,pin88,2022-11-24,units,1,2.5826446280991737,0.0,,0.0,
SL Benfica Women vs. FC Rosengard Women,Football,ah,home,FIFA Region: UEFA (Europe),normal,UEFA Champions League Women,sharp,2022-11-24,units,1,2.0134297520661155,2.0134297520661155,,-2.0134297520661155,-1.0
SL Benfica Women vs. FC Rosengard Women,Football,ahou,under,FIFA Region: UEFA (Europe),normal,UEFA Champions League Women,isn,2022-11-24,units,1,5.03099173553719,5.03099173553719,,4.043388429752066,0.8036960985626284
SL Benfica Women vs. FC Rosengard Women,Football,taou,over,FIFA Region: UEFA (Europe),normal,UEFA Champions League Women,pin88,2022-11-24,units,2,2.066115702479339,2.066115702479339,,-2.066115702479339,-1.0
SL Benfica Women vs. FC Rosengard Women,Football (Half Time),ah,home,FIFA Region: UEFA (Europe),normal,UEFA Champions League Women,pin88,2022-11-24,units,1,1.0330578512396695,1.0330578512396695,,-1.0330578512396695,-1.0
SV La Fama vs. SV Dakota,Football,ah,away,Aruba,normal,Aruba Division di Honor,pin88,2022-11-13,units,1,2.0640495867768593,2.0640495867768593,,1.5733471074380165,0.7622622622622622
SV La Fama vs. SV Dakota,Football,ahou,over,Aruba,normal,Aruba Division di Honor,pin88,2022-11-13,units,1,1.0330578512396695,1.0330578512396695,,0.9555785123966942,0.925
SV La Fama vs. SV Dakota,Football,taou,over,Aruba,normal,Aruba Division di Honor,pin88,2022-11-13,units,9,12.391528925619836,12.391528925619836,,6.429752066115703,0.518882867861609
SV La Fama vs. SV Dakota,Football (Half Time),ah,away,Aruba,normal,Aruba Division di Honor,pin88,2022-11-13,units,2,2.066115702479339,2.066115702479339,,1.9028925619834711,0.9209999999999999
SV Ried vs. First Vienna FC 1894,Football (Half Time),ah,home,International,normal,Club Friendly,pin88,2022-12-06,units,1,1.0330578512396695,1.0330578512396695,,-1.0330578512396695,-1.0
SV Ried vs. First Vienna FC 1894,Football (Half Time),ahou,over,International,normal,Club Friendly,pin88,2022-12-06,units,2,2.066115702479339,2.066115702479339,,1.7665289256198347,0.855
Saint Lucia vs. San Marino,Football,ah,home,International,normal,International Friendly,pin88,2022-11-17,units,1,3.0991735537190084,3.0991735537190084,,-3.0991735537190084,-1.0
Saint Lucia vs. San Marino,Football,ah,n/a,International,normal,International Friendly,fair,2022-11-20,units,1,5.164256198347108,5.164256198347108,,4.586776859504132,0.8881776355271054
Saint Truidense VV vs. SV Zulte-Waregem,Football,ah,home,Belgium,normal,Belgium 1st Division A,pin88,2022-12-27,units,1,1.0330578512396695,1.0330578512396695,,0.753099173553719,0.729
Saint Truidense VV vs. SV Zulte-Waregem,Football,score,n/a,Belgium,normal,Belgium 1st Division A,mbook,2022-12-27,units,1,0.21384297520661158,0.21384297520661158,,-0.21384297520661158,-1.0
Saint Truidense VV vs. SV Zulte-Waregem,Football,score,n/a,Belgium,normal,Belgium 1st Division A,smk,2022-12-27,units,2,0.3026859504132231,0.3026859504132231,,-0.3026859504132231,-1.0
Saint Truidense VV vs. SV Zulte-Waregem,Football,taou,over,Belgium,normal,Belgium 1st Division A,pin88,2022-12-27,units,1,3.0960743801652892,0.0,,0.0,
Samud Songkram FC vs. Port FC,Football,taou,over,Thailand,normal,Thailand League Cup,pin88,2022-11-16,units,2,4.130165289256198,4.130165289256198,,-4.130165289256198,-1.0
Samut Sakhon City FC vs. Nonthaburi United,Football,1x2,n/a,Thailand,normal,Thailand 3rd Division (Pro League),fair,2022-11-18,units,4,2.8378099173553717,2.8378099173553717,,2.1704545454545454,0.7648343647615581
Samut Sakhon City FC vs. Nonthaburi United,Football,ah,home,Thailand,normal,Thailand 3rd Division (Pro League),fair,2022-11-18,units,1,0.2066115702479339,0.2066115702479339,,0.16115702479338842,0.7799999999999999
San Marino U19 vs. North Macedonia U19,Football (Half Time),1x2,n/a,FIFA Region: UEFA (Europe),normal,UEFA European Championship U19,fair,2022-11-23,units,1,3.0991735537190084,3.0991735537190084,,3.024793388429752,0.9760000000000001
San Martín de Mendoza vs. EFI Juniors,Football,ah,home,Argentina,normal,Argentina Torneo Regional Federal Amateur,pin88,2022-12-04,units,2,2.066115702479339,2.066115702479339,,-0.10433884297520661,-0.050499999999999996
Santos FC (SP) Women vs. Atlético Madrid Women,Football,1x2,n/a,International,normal,Club Friendly Women,fair,2022-11-13,units,1,1.0330578512396695,1.0330578512396695,,-1.0330578512396695,-1.0
Santos FC (SP) Women vs. Atlético Madrid Women,Football,ah,home,International,normal,Club Friendly Women,pin88,2022-11-13,units,3,8.263429752066116,5.164256198347108,,0.9111570247933884,0.1764352870574115
Sassuolo Women vs. Parma Women,Football,taou,under,Italy,normal,Italy Serie A Women,pin88,2022-12-04,units,1,3.0981404958677685,3.0981404958677685,,-3.0981404958677685,-1.0
Saudi Arabia U20 vs. Slovakia U20,Football,ah,away,International,normal,International Friendly U20,sharp,2022-11-21,units,1,4.132231404958678,4.132231404958678,,-4.132231404958678,-1.0
Saudi Arabia U20 vs. Slovakia U20,Football,ah,home,International,normal,International Friendly U20,sharp,2022-11-21,units,1,4.648760330578512,4.648760330578512,,3.729338842975207,0.8022222222222222
Saudi Arabia vs. Mexico,Football,ahou,over,International world cup,normal,FIFA World Cup,sbo,2022-11-30,units,1,1.0196280991735538,1.0196280991735538,,1.6064049586776858,1.5754812563323202
Selangor FA vs. Negeri Sembilan FA,Football,score,n/a,Malaysia,normal,Malaysia Cup,fair,2022-11-06,units,1,1.0258264462809918,1.0258264462809918,,-1.0268595041322315,-1.001007049345418
Senegal vs. Netherlands,Football,ahou,over,International world cup,normal,FIFA World Cup,pin88,2022-11-21,units,1,10.330578512396695,0.0,,0.0,
Senegal vs. Netherlands,Football,score,n/a,International world cup,normal,FIFA World Cup,bdaq,2022-11-21,units,1,0.5165289256198348,0.5165289256198348,,-0.5165289256198348,-1.0
Shabab Al Ahli Dubai FC U21 vs. Al Bataeh U21,Football,ah,home,United Arab Emirates,normal,UAE League U21,pin88,2022-11-05,units,4,10.323347107438018,10.323347107438018,,8.226239669421487,0.7968578004603222
Shabab Al Ahli Dubai FC U21 vs. Al Bataeh U21,Football (Half Time),ah,home,United Arab Emirates,normal,UAE League U21,pin88,2022-11-05,units,1,2.0640495867768593,2.0640495867768593,,-2.0640495867768593,-1.0
Shabab Al Dhahiriya vs. Islami Kalkelea,Football,taou,over,Palestinian Territory,normal,Palestine West Bank League,pin88,2022-11-12,units,1,1.0330578512396695,1.0330578512396695,,-1.0330578512396695,-1.0
Shabana FC vs. SS Assad,Football,ah,home,Kenya,normal,Kenya Super League,pin88,2022-12-09,units,1,2.0640495867768593,2.0640495867768593,,-2.0640495867768593,-1.0
Shandong Luneng Taishan FC vs. Hebei FC,Football,ah,away,China,normal,China Super League,isn,2022-11-12,units,1,3.887396694214876,3.887396694214876,,2.8140495867768593,0.7238905128886527
Shandong Luneng Taishan FC vs. Shanghai Shenhua FC,Football (Half Time),ah,home,China,normal,China Super League,ibc,2022-11-07,units,1,0.23553719008264462,0.11776859504132231,,-0.11776859504132231,-1.0
Shandong Luneng Taishan FC vs. Shanghai Shenhua FC,Football (Half Time),ah,home,China,normal,China Super League,isn,2022-11-07,units,1,5.960743801652892,2.980371900826446,,-2.980371900826446,-1.0
Shandong Luneng Taishan FC vs. Shenzhen FC,Football (Half Time),ahou,over,China,normal,China Super League,isn,2022-12-19,units,1,0.8264462809917356,0.8264462809917356,,-0.8264462809917356,-1.0
Shandong Luneng Taishan FC vs. Shenzhen FC,Football (Half Time),ahou,under,China,normal,China Super League,isn,2022-12-19,units,2,4.132231404958678,4.132231404958678,,3.856404958677686,0.9332499999999999
Shanghai Jiading City Development vs. Nanjing City,Football,ah,away,China,normal,China Division 1 (Jia League),pin88,2022-11-08,units,1,4.1291322314049586,4.1291322314049586,,3.272727272727273,0.7925944458343759
Shanghai Jiading City Development vs. Nanjing City,Football,ah,away,China,normal,China Division 1 (Jia League),sharp,2022-11-08,units,2,2.0619834710743805,2.0619834710743805,,1.6807851239669422,0.8151302605210421
Shanghai Jiading City Development vs. Nanjing City,Football,ahou,over,China,normal,China Division 1 (Jia League),fair,2022-11-08,units,1,1.0309917355371903,0.0,,0.0,
Shanghai Jiading City Development vs. Nanjing City,Football,ahou,over,China,normal,China Division 1 (Jia League),pin88,2022-11-08,units,1,1.0330578512396695,1.0330578512396695,,1.09400826446281,1.059
Shanghai Jiading City Development vs. Shijiazhuang Gongfu,Football,taou,over,China,normal,China Division 1 (Jia League),pin88,2022-11-28,units,2,2.066115702479339,2.066115702479339,,2.6115702479338845,1.264
Shanghai Port FC vs. Henan Songshan Longmen,Football,ah,home,China,normal,China Super League,isn,2022-11-30,units,1,5.960743801652892,5.960743801652892,,-5.960743801652892,-1.0
Shanghai Port FC vs. Henan Songshan Longmen,Football (Half Time),1x2,n/a,China,normal,China Super League,sharp,2022-11-30,units,1,2.3935950413223144,2.3935950413223144,,-2.3935950413223144,-1.0
Shanghai Port FC vs. Henan Songshan Longmen,Football (Half Time),ah,home,China,normal,China Super League,pin88,2022-11-30,units,1,0.7045454545454546,0.7045454545454546,,-0.7045454545454546,-1.0
Shatin SA vs. Eastern District SA,Football,ahou,over,Hong Kong,normal,Hong Kong 1st Division,fair,2022-11-20,units,4,3.3502066115702482,3.3502066115702482,,-3.352272727272727,-1.0006167129201355
Shatin SA vs. Eastern District SA,Football,taou,over,Hong Kong,normal,Hong Kong 1st Division,pin88,2022-11-20,units,1,1.0330578512396695,1.0330578512396695,,-1.0330578512396695,-1.0
Shefa Amr vs. Ironi Bnei Kabul,Football,ah,home,Israel,normal,Israel Division 4 (Liga Bet),pin88,2022-12-24,units,1,3.0960743801652892,3.0960743801652892,,-3.0960743801652892,-1.0
Shenzhen FC vs. Guangzhou City FC,Football,1x2,n/a,China,normal,China Super League,fair,2022-12-27,units,1,0.2066115702479339,0.2066115702479339,,-0.2066115702479339,-1.0
Shenzhen FC vs. Guangzhou City FC,Football,ah,away,China,normal,China Super League,pin88,2022-12-27,units,3,3.0991735537190084,3.0991735537190084,,2.5547520661157024,0.8243333333333334
Shenzhen FC vs. Guangzhou City FC,Football,ah,home,China,normal,China Super League,bdaq,2022-12-27,units,1,2.9080578512396698,0.0,,0.0,
Shenzhen FC vs. Guangzhou City FC,Football,ah,home,China,normal,China Super League,fair,2022-12-27,units,1,3.285123966942149,0.0,,0.0,
Shenzhen FC vs. Guangzhou City FC,Football,ah,home,China,normal,China Super League,sharp,2022-12-27,units,1,4.131198347107438,0.0,,0.0,
Shenzhen FC vs. Guangzhou City FC,Football,ahou,over,China,normal,China Super League,isn,2022-12-27,units,1,1.0330578512396695,0.5165289256198348,,0.4152892561983471,0.804
Shenzhen FC vs. Guangzhou City FC,Football,score,n/a,China,normal,China Super League,smk,2022-12-27,units,1,0.5165289256198348,0.5165289256198348,,-0.5165289256198348,-1.0
Shenzhen FC vs. Guangzhou City FC,Football (Corners),ah,home,China,normal,China Super League,pin88,2022-12-27,units,1,1.0330578512396695,1.0330578512396695,,-1.0330578512396695,-1.0
Shenzhen FC vs. Guangzhou City FC,Football (Half Time),1x2,n/a,China,normal,China Super League,fair,2022-12-27,units,2,0.4132231404958678,0.4132231404958678,,-0.4132231404958678,-1.0
Shenzhen FC vs. Guangzhou City FC,Football (Half Time),ah,home,China,normal,China Super League,isn,2022-12-27,units,1,4.9245867768595035,2.4617768595041323,,-2.4617768595041323,-1.0
Silibwet FC vs. Shabana FC,Football,ah,away,Kenya,normal,Kenya Super League,fair,2022-12-04,units,2,4.75206611570248,4.75206611570248,,4.239669421487603,0.8921739130434783
Silibwet FC vs. Shabana FC,Football,ahou,under,Kenya,normal,Kenya Super League,fair,2022-12-04,units,1,2.065082644628099,2.065082644628099,,-2.066115702479339,-1.0005002501250626
Silibwet FC vs. Shabana FC,Football,cs,n/a,Kenya,normal,Kenya Super League,fair,2022-12-04,units,1,1.0330578512396695,1.0330578512396695,,-1.0330578512396695,-1.0
Silibwet FC vs. Shabana FC,Football,ou,under,Kenya,normal,Kenya Super League,fair,2022-12-04,units,1,2.066115702479339,2.066115702479339,,-2.066115702479339,-1.0
Singapore vs. Myanmar,Football,1x2,n/a,FIFA Region: AFC (Asia),normal,AFF Asean Football Championship (Suzuki Cup),fair,2022-12-24,units,2,0.5165289256198348,0.5165289256198348,,-0.5165289256198348,-1.0
Singapore vs. Myanmar,Football,ah,away,FIFA Region: AFC (Asia),normal,AFF Asean Football Championship (Suzuki Cup),pin88,2022-12-24,units,2,5.164256198347108,0.0,,0.0,
Singapore vs. Myanmar,Football,ah,home,FIFA Region: AFC (Asia),normal,AFF Asean Football Championship (Suzuki Cup),pin88,2022-12-24,units,1,2.0640495867768593,2.0640495867768593,,-2.0640495867768593,-1.0
Singapore vs. Myanmar,Football,ahou,under,FIFA Region: AFC (Asia),normal,AFF Asean Football Championship (Suzuki Cup),pin88,2022-12-24,units,3,6.195247933884297,6.195247933884297,,-6.195247933884297,-1.0
Singapore vs. Myanmar,Football,ou,over,FIFA Region: AFC (Asia),normal,AFF Asean Football Championship (Suzuki Cup),fair,2022-12-24,units,2,2.066115702479339,2.066115702479339,,-2.066115702479339,-1.0
Singapore vs. Myanmar,Football,taou,over,FIFA Region: AFC (Asia),normal,AFF Asean Football Championship (Suzuki Cup),pin88,2022-12-24,units,2,3.0991735537190084,1.0330578512396695,,1.8997933884297522,1.839
Slavoj Trebisov vs. FC STK 1914 Samorin,Football,ahou,under,Slovakia (Slovak Republic),normal,Slovakia 2. Liga,pin88,2022-11-17,units,2,2.066115702479339,2.066115702479339,,-2.066115702479339,-1.0
Slavoj Trebisov vs. FC STK 1914 Samorin,Football,ou,under,Slovakia (Slovak Republic),normal,Slovakia 2. Liga,fair,2022-11-17,units,1,2.066115702479339,2.066115702479339,,-2.066115702479339,-1.0
Sliema Wanderers FC vs. Zurrieq FC,Football,taou,over,Malta,normal,Malta Challenge League,pin88,2022-11-06,units,2,4.1291322314049586,4.1291322314049586,,-4.1291322314049586,-1.0
Slovakia U20 vs. Indonesia U20,Football,ah,away,International,normal,International Friendly U20,pin88,2022-11-19,units,1,5.1652892561983474,5.1652892561983474,,4.865702479338844,0.9420000000000001
Slovakia U20 vs. Indonesia U20,Football (Half Time),1x2,n/a,International,normal,International Friendly U20,bdaq,2022-11-19,units,1,0.5165289256198348,0.5165289256198348,,3.77995867768595,7.318
Slovenia U19 vs. Romania U19,Football,ah,home,International,normal,International Friendly U19,pin88,2022-11-15,units,4,6.816115702479339,6.816115702479339,,5.93698347107438,0.8710215216732343
Slovenia U19 vs. Romania U19,Football,ahou,under,International,normal,International Friendly U19,pin88,2022-11-15,units,1,5.1652892561983474,5.1652892561983474,,2.964876033057851,0.574
Slovenia U19 vs. Romania U19,Football (Half Time),ah,away,International,normal,International Friendly U19,pin88,2022-11-17,units,1,2.066115702479339,2.066115702479339,,-2.066115702479339,-1.0
Slovenia U21 vs. Bulgaria U21,Football,ah,home,International,normal,International Friendly U21,isn,2022-11-21,units,1,8.241735537190083,8.241735537190083,,-8.241735537190083,-1.0
Slovenia U21 vs. Bulgaria U21,Football,ahou,under,International,normal,International Friendly U21,sharp,2022-11-21,units,2,5.1652892561983474,5.1652892561983474,,5.363636363636363,1.0384
Spain vs. Germany,Football,ah,home,International world cup,normal,FIFA World Cup,pin88,2022-11-27,units,1,1.0330578512396695,1.0330578512396695,,-1.0330578512396695,-1.0
Sporting de Huelva Women vs. Real Madrid Women,Football,1x2,n/a,Spain,normal,Spain Primera Division Women,fair,2022-11-19,units,1,0.5165289256198348,0.5165289256198348,,-0.5165289256198348,-1.0
Sporting de Huelva Women vs. Real Madrid Women,Football,ahou,under,Spain,normal,Spain Primera Division Women,fair,2022-11-19,units,1,0.246900826446281,0.246900826446281,,0.243801652892562,0.9874476987447699
Sporting de Huelva Women vs. Real Madrid Women,Football,ahou,under,Spain,normal,Spain Primera Division Women,pin88,2022-11-19,units,1,1.8192148760330578,1.8192148760330578,,1.78099173553719,0.9789892106757524
Sreenidi Deccan FC vs. Mohammedan SC Kolkata,Football,ah,away,India,normal,India I-League Division 1,pin88,2022-12-01,units,1,4.131198347107438,0.0,,0.0,
Sreenidi Deccan FC vs. Mohammedan SC Kolkata,Football,ah,home,India,normal,India I-League Division 1,pin88,2022-12-01,units,3,9.295454545454545,0.0,,0.0,
Sreenidi Deccan FC vs. Mohammedan SC Kolkata,Football,ahou,under,India,normal,India I-League Division 1,pin88,2022-12-01,units,2,4.131198347107438,0.0,,0.0,
St Andrews FC vs. Vittoriosa Stars,Football,ahou,over,Malta,normal,Malta Challenge League,fair,2022-12-16,units,4,1.0268595041322315,1.0268595041322315,,-1.0258264462809918,-0.9989939637826961
St Andrews FC vs. Vittoriosa Stars,Football (Half Time),ou,under,Malta,normal,Malta Challenge League,fair,2022-12-16,units,1,4.025826446280992,4.025826446280992,,3.5113636363636362,0.8722093918398769
St Andrews FC vs. Vittoriosa Stars,Football (Half Time/Full Time),1x2,n/a,Malta,normal,Malta Challenge League,fair,2022-12-16,units,1,3.0991735537190084,3.0991735537190084,,2.9979338842975207,0.9673333333333334
St Joseph's FC (HK) vs. Tung Sing,Football,ah,away,Hong Kong,normal,Hong Kong 2nd Division,pin88,2022-11-13,units,1,6.195247933884297,6.195247933884297,,-6.195247933884297,-1.0
St Joseph's FC (HK) vs. Wing Go Fu Moon,Football,ah,away,Hong Kong,normal,Hong Kong 2nd Division,pin88,2022-11-06,units,1,3.0981404958677685,3.0981404958677685,,2.7365702479338845,0.883294431477159
St. Pauli U19 vs. KSV Holstein Kiel U19,Football (Half Time),1x2,n/a,Germany,normal,Germany Bundesliga (A-Junioren) U19,ibc,2022-12-04,units,1,4.136363636363637,4.136363636363637,,4.615702479338843,1.1158841158841157
Steaua Bucharest (FCSB) vs. FC SA Botoşani,Football,ahou,over,Romania,normal,Romania Division 1,isn,2022-12-19,units,1,1.0330578512396695,0.5165289256198348,,-0.5165289256198348,-1.0
Steaua Bucharest (FCSB) vs. FC SA Botoşani,Football,score,n/a,Romania,normal,Romania Division 1,ibc,2022-12-19,units,3,2.0619834710743805,2.0619834710743805,,-2.0619834710743805,-1.0
Stoke City FC U21 vs. Paris Saint-Germain U21,Football,ah,away,International,normal,Premier League International Cup U21,ibc,2022-12-14,units,1,0.7830578512396694,0.7830578512396694,,-0.7830578512396694,-1.0
Sudeva Delhi FC vs. Kenkre SC,Football,ah,away,India,normal,India I-League Division 1,pin88,2022-11-14,units,1,1.0330578512396695,1.0330578512396695,,5.048553719008265,4.8870000000000005
Sydney FC vs. Celtic,Football,ah,home,International,normal,Club Friendly,pin88,2022-11-17,units,1,1.0330578512396695,0.0,,0.0,
Sông Lam Nghệ An U21 vs. Hoang Anh Gia Lai U21,Football,ah,away,Vietnam,normal,Vietnam Championship U21,pin88,2022-12-21,units,1,2.0640495867768593,0.0,,0.0,
TDCS Dong Thap U21 vs. Gia Dinh U21,Football,ah,away,Vietnam,normal,Vietnam Championship U21,pin88,2022-12-20,units,1,3.0981404958677685,3.0981404958677685,,2.535123966942149,0.818272757585862
TDCS Dong Thap U21 vs. Gia Dinh U21,Football,ah,home,Vietnam,normal,Vietnam Championship U21,pin88,2022-12-20,units,1,1.0330578512396695,1.0330578512396695,,-1.0330578512396695,-1.0
TDCS Dong Thap U21 vs. Gia Dinh U21,Football,ahou,over,Vietnam,normal,Vietnam Championship U21,pin88,2022-12-20,units,1,3.0960743801652892,3.0960743801652892,,2.7365702479338845,0.883883883883884
TDCS Dong Thap U21 vs. Gia Dinh U21,Football,taou,over,Vietnam,normal,Vietnam Championship U21,pin88,2022-12-20,units,3,4.132231404958678,4.132231404958678,,1.381198347107438,0.33425
TSC Backa Topola U19 vs. Cukariki U19,Football,ah,home,Serbia,normal,Serbia League U19,ibc,2022-12-07,units,1,0.7830578512396694,0.7830578512396694,,-0.7830578512396694,-1.0
TSC Backa Topola U19 vs. Cukariki U19,Football (Half Time),1x2,n/a,Serbia,normal,Serbia League U19,ibc,2022-12-07,units,2,0.19834710743801653,0.19834710743801653,,0.5847107438016529,2.947916666666667
TSC Backa Topola U19 vs. Cukariki U19,Football (Half Time),ah,home,Serbia,normal,Serbia League U19,ibc,2022-12-07,units,1,2.0619834710743805,0.0,,0.0,
Tai Chung Resource Capital FC vs. Southern District RSA,Football,taou,over,Hong Kong,normal,Hong Kong Premier League,pin88,2022-11-19,units,2,4.131198347107438,1.0330578512396695,,-1.0330578512396695,-1.0
Tai Chung Resource Capital FC vs. Southern District RSA,Football (Half Time),1x2,n/a,Hong Kong,normal,Hong Kong Premier League,fair,2022-11-19,units,1,1.0330578512396695,1.0330578512396695,,4.035123966942149,3.906
Taipei City Tatung vs. Tainan City,Football,ah,away,Taiwan,normal,Taiwan Football Premier League,pin88,2022-11-06,units,2,2.066115702479339,0.5165289256198348,,-0.5165289256198348,-1.0
Taipei City Tatung vs. Tainan City,Football,ahou,over,Taiwan,normal,Taiwan Football Premier League,fair,2022-11-06,units,1,1.0330578512396695,1.0330578512396695,,-1.0330578512396695,-1.0
Taipei City Tatung vs. Tainan City,Football (Half Time),1x2,n/a,Taiwan,normal,Taiwan Football Premier League,fair,2022-11-06,units,1,1.0330578512396695,1.0330578512396695,,-1.0330578512396695,-1.0
Tarxien Rainbows FC vs. Mqabba FC,Football,ah,home,Malta,normal,Malta Challenge League,fair,2022-12-19,units,2,1.0330578512396695,1.0330578512396695,,-1.0330578512396695,-1.0
Telephonaat Bani Suweif FC vs. Al Nasr Taaden,Football (Half Time),1x2,n/a,Egypt,normal,Egypt Division 2 B,pin88,2022-11-14,units,1,1.0330578512396695,1.0330578512396695,,1.9700413223140496,1.907
Tennis Borussia Berlin vs. VSG Altglienicke,Football,ah,away,Germany,normal,Germany Regionalliga Northeast,pin88,2022-11-13,units,1,2.0640495867768593,0.0,,0.0,
Tensung FC vs. Paro FC,Football,ahou,over,Bhutan,normal,Bhutan Thimphu Premier League,fair,2022-11-16,units,3,5.117768595041323,5.117768595041323,,-5.116735537190083,-0.9997981429148163
Tensung FC vs. Paro FC,Football,ahou,over,Bhutan,normal,Bhutan Thimphu Premier League,pin88,2022-11-16,units,1,2.0640495867768593,2.0640495867768593,,-2.0640495867768593,-1.0
Tensung FC vs. Paro FC,Football,ahou,under,Bhutan,normal,Bhutan Thimphu Premier League,molly,2022-11-16,units,1,2.066115702479339,2.066115702479339,,2.106404958677686,1.0195
Tensung FC vs. Paro FC,Football,taou,over,Bhutan,normal,Bhutan Thimphu Premier League,pin88,2022-11-16,units,1,1.0330578512396695,1.0330578512396695,,-1.0330578512396695,-1.0
Tepecik Belediyespor vs. Artvin Hopa Spor Kulubu,Football,ah,away,Turkey,normal,Turkey TFF 3. Lig,fair,2022-11-23,units,2,1.0330578512396695,1.0330578512396695,,4.012396694214876,3.884
Tepecik Belediyespor vs. Artvin Hopa Spor Kulubu,Football,ah,n/a,Turkey,normal,Turkey TFF 3. Lig,fair,2022-11-23,units,1,2.0082644628099175,1.0041322314049588,,-1.003099173553719,-0.9989711934156378
Tepecik Belediyespor vs. Artvin Hopa Spor Kulubu,Football,ahou,over,Turkey,normal,Turkey TFF 3. Lig,fair,2022-11-23,units,4,6.06095041322314,6.06095041322314,,5.8171487603305785,0.9597750127833646
Terengganu FA vs. Selangor FA,Football,ahou,over,Malaysia,normal,Malaysia Cup,fair,2022-11-21,units,5,2.763429752066116,1.381198347107438,,-1.3770661157024795,-0.9970082273747196
Tersana SC vs. Kahrbaa Alasmalia,Football,taou,over,Egypt,normal,Egypt Division 2 A,pin88,2022-11-25,units,1,1.0330578512396695,1.0330578512396695,,-1.0330578512396695,-1.0
Tersana SC vs. Kahrbaa Alasmalia,Football (Half Time),1x2,n/a,Egypt,normal,Egypt Division 2 A,fair,2022-11-25,units,3,1.0330578512396695,1.0330578512396695,,-1.0330578512396695,-1.0
Tersana SC vs. Kahrbaa Alasmalia,Football (Half Time),ah,away,Egypt,normal,Egypt Division 2 A,pin88,2022-11-25,units,1,1.0330578512396695,1.0330578512396695,,-1.0330578512396695,-1.0
Thailand vs. Chinese Taipei,Football,1x2,n/a,International,normal,International Friendly,sharp,2022-12-14,units,1,0.3088842975206612,0.3088842975206612,,-0.3088842975206612,-1.0
Thailand vs. Chinese Taipei,Football,ah,away,International,normal,International Friendly,fair,2022-12-14,units,2,1.5495867768595042,1.5495867768595042,,7.56095041322314,4.879333333333333
Thailand vs. Chinese Taipei,Football,ahou,over,International,normal,International Friendly,fair,2022-12-14,units,1,1.018595041322314,1.018595041322314,,-1.0175619834710745,-0.9989858012170386
Thailand vs. Philippines,Football,ahou,under,FIFA Region: AFC (Asia),normal,AFF Asean Football Championship (Suzuki Cup),fair,2022-12-26,units,4,15.491735537190083,0.0,,0.0,
Thailand vs. Philippines,Football,ou,over,FIFA Region: AFC (Asia),normal,AFF Asean Football Championship (Suzuki Cup),fair,2022-12-26,units,4,3.0960743801652892,3.0960743801652892,,0.44834710743801653,0.1448114781448115
Thailand vs. Philippines,Football,taou,over,FIFA Region: AFC (Asia),normal,AFF Asean Football Championship (Suzuki Cup),pin88,2022-12-26,units,4,7.744834710743802,7.744834710743802,,-7.744834710743802,-1.0
Thimphu City FC vs. Tensung FC,Football,ah,away,Bhutan,normal,Bhutan Thimphu Premier League,pin88,2022-12-26,units,3,9.293388429752067,9.293388429752067,,8.12293388429752,0.8740551356158293
Thimphu City FC vs. Tensung FC,Football,ahou,over,Bhutan,normal,Bhutan Thimphu Premier League,pin88,2022-12-26,units,2,2.066115702479339,2.066115702479339,,-2.066115702479339,-1.0
Thimphu City FC vs. Tensung FC,Football,taou,over,Bhutan,normal,Bhutan Thimphu Premier League,pin88,2022-12-26,units,2,4.128099173553719,4.128099173553719,,1.9617768595041323,0.47522522522522526
Tianjin Jinmen Tiger FC vs. Guangzhou Evergrande FC,Football,ah,home,China,normal,China Super League,isn,2022-12-05,units,2,4.713842975206611,4.713842975206611,,-4.713842975206611,-1.0
Tianjin Jinmen Tiger FC vs. Hebei FC,Football (Corners),ah,away,China,normal,China Super League,pin88,2022-11-07,units,1,4.132231404958678,4.132231404958678,,2.9886363636363638,0.7232500000000001
Tianjin Jinmen Tiger FC vs. Hebei FC,Football (Half Time),ahou,under,China,normal,China Super League,isn,2022-11-07,units,1,2.066115702479339,2.066115702479339,,-2.066115702479339,-1.0
Tianjin Jinmen Tiger FC vs. Shanghai Shenhua FC,Football (Corners),ah,home,China,normal,China Super League,ibc,2022-11-21,units,1,4.136363636363637,4.136363636363637,,-4.136363636363637,-1.0
Tianjin Jinmen Tiger FC vs. Shanghai Shenhua FC,Football (Corners),ahou,over,China,normal,China Super League,ibc,2022-11-21,units,2,3.9132231404958677,3.9132231404958677,,-3.9132231404958677,-1.0
Tigres FC Zipaquirá (COL) vs. Real Santander,Football,1x2,n/a,Colombia,normal,Colombia Primera B,ibc,2022-11-07,units,1,2.2231404958677685,2.2231404958677685,,2.8801652892561984,1.295539033457249
Tigres FC Zipaquirá (COL) vs. Real Santander,Football,1x2,n/a,Colombia,normal,Colombia Primera B,smk,2022-11-07,units,1,0.871900826446281,0.871900826446281,,1.18801652892562,1.3625592417061612
Tigres FC Zipaquirá (COL) vs. Real Santander,Football,ah,home,Colombia,normal,Colombia Primera B,ibc,2022-11-07,units,2,6.210743801652893,6.210743801652893,,7.0227272727272725,1.1307385229540918
Townsville Fire Women vs. Bendigo Spirit Women,Basketball,ah,home,Australia,normal,Australia WNBL League Women,pin88,2022-12-02,units,1,3.0991735537190084,3.0991735537190084,,-3.0991735537190084,-1.0
Trabzonspor U19 vs. Boluspor U19,Football,taou,over,Turkey,normal,Turkey Elite League U19,pin88,2022-11-19,units,2,6.195247933884297,6.195247933884297,,4.739669421487603,0.7650491912622978
Transport United FC vs. Paro Rinpung,Football,ah,away,Bhutan,normal,Bhutan Thimphu Premier League,pin88,2022-12-21,units,3,18.07231404958678,18.07231404958678,,-18.07231404958678,-1.0
Transport United FC vs. Paro Rinpung,Football,ah,home,Bhutan,normal,Bhutan Thimphu Premier League,pin88,2022-12-21,units,1,8.262396694214877,8.262396694214877,,7.297520661157025,0.8832208052013003
Transport United FC vs. Paro Rinpung,Football,taou,over,Bhutan,normal,Bhutan Thimphu Premier League,pin88,2022-12-21,units,3,7.228305785123967,7.228305785123967,,6.266528925619834,0.8669429755609547
Tsuen Wan vs. Island FC,Football,1x2,n/a,Hong Kong,normal,Hong Kong 3rd Division,pin88,2022-12-18,units,1,1.0330578512396695,1.0330578512396695,,-1.0330578512396695,-1.0
Tsuen Wan vs. Island FC,Football,taou,over,Hong Kong,normal,Hong Kong 3rd Division,pin88,2022-12-18,units,4,8.264462809917356,0.0,,0.0,
TuS Schwachhausen vs. SV Werder Bremen III,Football,ah,home,Germany,normal,Germany Oberliga Baden-Württemberg,pin88,2022-12-04,units,1,4.131198347107438,4.131198347107438,,-4.131198347107438,-1.0
TuS Schwachhausen vs. SV Werder Bremen III,Football,ahou,under,Germany,normal,Germany Oberliga Baden-Württemberg,ibc,2022-12-04,units,1,4.136363636363637,4.136363636363637,,4.119834710743802,0.9960039960039959
UD Alzira vs. Athletic Bilbao,Football,ah,away,Spain,normal,Spain Copa Del Rey,18bet,2022-11-13,units,1,3.0413223140495864,0.0,,0.0,
UD Alzira vs. Athletic Bilbao,Football,ah,away,Spain,normal,Spain Copa Del Rey,pin88,2022-11-13,units,1,2.0640495867768593,2.0640495867768593,,-2.0640495867768593,-1.0
UD Alzira vs. Athletic Bilbao,Football,ah,home,Spain,normal,Spain Copa Del Rey,pin88,2022-11-13,units,1,0.8264462809917356,0.0,,0.0,
UD Alzira vs. Athletic Bilbao,Football,taou,over,Spain,normal,Spain Copa Del Rey,pin88,2022-11-13,units,2,2.066115702479339,2.066115702479339,,-2.066115702479339,-1.0
UD Alzira vs. Athletic Bilbao,Football (Half Time Corners),ah,away,Spain,normal,Spain Copa Del Rey,pin88,2022-11-13,units,1,2.066115702479339,2.066115702479339,,-2.066115702479339,-1.0
UNAN Managua vs. Real Estelí,Football,ah,away,Nicaragua,normal,Nicaragua Primera Division,pin88,2022-11-28,units,1,1.0330578512396695,1.0330578512396695,,0.9927685950413223,0.961
UNAN Managua vs. Real Estelí,Football,taou,over,Nicaragua,normal,Nicaragua Primera Division,pin88,2022-11-28,units,3,5.163223140495868,5.163223140495868,,4.025826446280992,0.7797118847539015
UNAN Managua vs. Real Estelí,Football (Half Time),ah,away,Nicaragua,normal,Nicaragua Primera Division,pin88,2022-11-28,units,2,2.066115702479339,2.066115702479339,,3.4576446280991737,1.6735
UR La Louviere Centre vs. Oud-Heverlee Leuven B,Football,ah,home,Belgium,normal,Belgium First Amateur Division,pin88,2022-11-19,units,2,6.195247933884297,6.195247933884297,,-6.195247933884297,-1.0
US Souf vs. MO Constantine,Football,1x2,n/a,Algeria,normal,Algeria Ligue 2,fair,2022-12-27,units,3,1.4462809917355373,1.4462809917355373,,-1.4462809917355373,-1.0
US Souf vs. MO Constantine,Football,1x2,n/a,Algeria,normal,Algeria Ligue 2,smk,2022-12-27,units,1,0.09400826446280992,0.09400826446280992,,-0.09400826446280992,-1.0
US Souf vs. MO Constantine,Football,ah,away,Algeria,normal,Algeria Ligue 2,pin88,2022-12-27,units,1,1.0330578512396695,1.0330578512396695,,-1.0330578512396695,-1.0
US Souf vs. MO Constantine,Football,ah,home,Algeria,normal,Algeria Ligue 2,fair,2022-12-27,units,5,0.9380165289256198,0.9380165289256198,,-0.9380165289256198,-1.0
US Souf vs. MO Constantine,Football,taou,over,Algeria,normal,Algeria Ligue 2,pin88,2022-12-27,units,1,1.0330578512396695,1.0330578512396695,,1.0423553719008265,1.009
USA vs. Wales,Football (Half Time Corners),ah,home,International world cup,normal,FIFA World Cup,ibc,2022-11-21,units,1,5.167355371900826,5.167355371900826,,-5.167355371900826,-1.0
USA vs. Wales,Football (Half Time Corners),ah,home,International world cup,normal,FIFA World Cup,pin88,2022-11-21,units,1,1.0330578512396695,1.0330578512396695,,1.7231404958677685,1.668
USD Audace Cerignola vs. SS Juve Stabia,Football,1x2,n/a,Italy,normal,Italy Serie C (Lega Pro),fair,2022-12-19,units,1,0.5165289256198348,0.5165289256198348,,-0.5165289256198348,-1.0
USD Castellanzese 1921 vs. Pont Donnaz Hone Arnad Evancon,Football,1x2,n/a,Italy,normal,Italy Serie D,fair,2022-12-21,units,2,1.5495867768595042,1.5495867768595042,,-1.5495867768595042,-1.0
USD Castellanzese 1921 vs. Pont Donnaz Hone Arnad Evancon,Football,ah,home,Italy,normal,Italy Serie D,fair,2022-12-21,units,1,0.5165289256198348,0.5165289256198348,,-0.5165289256198348,-1.0
USM El Harrach U21 vs. AS Ain M'lila U21,Football,ah,home,Algeria,normal,Algeria Ligue 1 U21,pin88,2022-12-09,units,1,1.0330578512396695,0.0,,0.0,
USM El Harrach U21 vs. AS Ain M'lila U21,Football,ah,n/a,Algeria,normal,Algeria Ligue 1 U21,fair,2022-12-09,units,1,1.515495867768595,0.0,,0.0,
USM El Harrach U21 vs. AS Ain M'lila U21,Football (Half Time),ah,home,Algeria,normal,Algeria Ligue 1 U21,pin88,2022-12-09,units,1,1.0330578512396695,1.0330578512396695,,1.052685950413223,1.019
USM El Harrach vs. JS Bordj Menail,Football,taou,over,Algeria,normal,Algeria Ligue 2,pin88,2022-12-23,units,1,3.0981404958677685,0.0,,0.0,
USM El Harrach vs. JS Bordj Menail,Football (Half Time),1x2,n/a,Algeria,normal,Algeria Ligue 2,fair,2022-12-23,units,1,1.0330578512396695,1.0330578512396695,,3.4318181818181817,3.322
USM Khenchela vs. US Tighennif,Football (Half Time),1x2,n/a,Algeria,normal,Algeria Cup,fair,2022-12-20,units,1,0.30991735537190085,0.30991735537190085,,-0.30991735537190085,-1.0
USM Khenchela vs. US Tighennif,Football (Half Time),1x2,n/a,Algeria,normal,Algeria Cup,pin88,2022-12-20,units,1,1.0330578512396695,1.0330578512396695,,-1.0330578512396695,-1.0
Uganda Peoples Defence Forces FC vs. Gadafi FC,Football,ahou,over,Uganda,normal,Uganda Premier League,ibc,2022-12-14,units,1,4.645661157024794,2.322314049586777,,2.5681818181818183,1.1058718861209964
Uganda Peoples Defence Forces FC vs. Gadafi FC,Football,ahou,under,Uganda,normal,Uganda Premier League,fair,2022-12-14,units,3,7.151859504132232,7.151859504132232,,-7.152892561983471,-1.0001444460494004
Ugyen Academy vs. Tensung FC,Football,ah,away,Bhutan,normal,Bhutan Thimphu Premier League,pin88,2022-11-21,units,1,6.196280991735537,6.196280991735537,,-6.196280991735537,-1.0
Ugyen Academy vs. Tensung FC,Football,ah,home,Bhutan,normal,Bhutan Thimphu Premier League,pin88,2022-11-21,units,1,6.195247933884297,6.195247933884297,,5.891528925619835,0.950975487743872
Ugyen Academy vs. Tensung FC,Football (Half Time),ah,away,Bhutan,normal,Bhutan Thimphu Premier League,pin88,2022-11-21,units,1,1.0330578512396695,0.0,,0.0,
Ukraine U19 Women vs. Austria U19 Women,Football,1x2,n/a,FIFA Region: UEFA (Europe),normal,UEFA European Championship U19 Women,fair,2022-11-08,units,1,0.16942148760330578,0.16942148760330578,,-0.17045454545454547,-1.0060975609756098
Ukraine U19 Women vs. Austria U19 Women,Football,ahou,under,FIFA Region: UEFA (Europe),normal,UEFA European Championship U19 Women,fair,2022-11-08,units,2,3.0991735537190084,3.0991735537190084,,2.7458677685950414,0.8859999999999999
Unionistas de Salamanca CF vs. AD Alcorcón,Football (Half Time),1x2,n/a,Spain,normal,Spain Primera Division RFEF,fair,2022-12-06,units,1,0.5165289256198348,0.5165289256198348,,-0.5165289256198348,-1.0
Unionistas de Salamanca CF vs. AD Alcorcón,Football (Half Time),ah,away,Spain,normal,Spain Primera Division RFEF,pin88,2022-12-06,units,1,2.0640495867768593,0.0,,0.0,
Unirea Ungheni vs. FC Unirea Alba Iulia,Football,ah,away,Romania,normal,Romania Division 3,pin88,2022-11-12,units,1,3.0981404958677685,0.0,,0.0,
Universitatea Craiova II vs. ACS Cozia Calimanesti,Football,ah,home,Romania,normal,Romania Division 3,pin88,2022-11-04,units,1,3.0981404958677685,3.0981404958677685,,-3.0981404958677685,-1.0
Uttarakhand vs. Tripura,Football,ah,away,India,normal,India Santosh Trophy,pin88,2022-12-27,units,1,5.1652892561983474,5.1652892561983474,,-5.1652892561983474,-1.0
Uttarakhand vs. Tripura,Football,ah,home,India,normal,India Santosh Trophy,pin88,2022-12-27,units,2,6.198347107438017,6.198347107438017,,5.194214876033058,0.838
VC Dames Eendracht Aalst Women vs. KAA Gent Women,Football,ah,away,Belgium,normal,Belgium Super League Women,pin88,2022-11-19,units,1,1.0330578512396695,1.0330578512396695,,0.8006198347107438,0.775
VC Dames Eendracht Aalst Women vs. KAA Gent Women,Football,taou,over,Belgium,normal,Belgium Super League Women,pin88,2022-11-19,units,2,4.1291322314049586,0.0,,0.0,
Valencia Basket Women vs. FC Barcelona CBS Women,Basketball,ah,home,Spain,normal,Spain Basketball League Women,pin88,2022-12-01,units,1,4.132231404958678,4.132231404958678,,3.6487603305785123,0.8829999999999999
Veria FC vs. Panserraikos,Football,1x2,n/a,Greece,normal,Greece Super League 2,fair,2022-12-19,units,1,3.8770661157024797,3.8770661157024797,,3.8646694214876036,0.9968025579536371
Veria FC vs. Panserraikos,Football,1x2,n/a,Greece,normal,Greece Super League 2,ibc,2022-12-19,units,1,0.26136363636363635,0.26136363636363635,,0.2603305785123967,0.9960474308300394
Veria FC vs. Panserraikos,Football,ah,away,Greece,normal,Greece Super League 2,fair,2022-12-19,units,1,2.066115702479339,2.066115702479339,,2.0991735537190084,1.016
Veria FC vs. Panserraikos,Football,ah,n/a,Greece,normal,Greece Super League 2,fair,2022-12-19,units,1,1.0330578512396695,1.0330578512396695,,-1.0330578512396695,-1.0
VfB Fortuna Chemnitz vs. FC International Leipzig,Football,ah,home,Germany,normal,Germany Landesliga,pin88,2022-12-10,units,1,4.131198347107438,4.131198347107438,,-4.131198347107438,-1.0
VfB Fortuna Chemnitz vs. FC International Leipzig,Football,taou,over,Germany,normal,Germany Landesliga,pin88,2022-12-10,units,1,2.066115702479339,2.066115702479339,,-2.066115702479339,-1.0
VfL Wolfsburg Women vs. AS Roma Women,Football,ah,away,FIFA Region: UEFA (Europe),normal,UEFA Champions League Women,ibc,2022-12-08,units,3,2.646694214876033,0.0,,0.0,
VfL Wolfsburg Women vs. AS Roma Women,Football,ah,home,FIFA Region: UEFA (Europe),normal,UEFA Champions League Women,pin88,2022-12-08,units,1,1.5475206611570247,0.7737603305785123,,0.6435950413223142,0.8317757009345795
VfL Wolfsburg Women vs. SK Slavia Praha Women,Football,ah,home,FIFA Region: UEFA (Europe),normal,UEFA Champions League Women,fair,2022-12-16,units,1,0.30991735537190085,0.30991735537190085,,-0.30991735537190085,-1.0
VfL Wolfsburg Women vs. SK Slavia Praha Women,Football,ahou,under,FIFA Region: UEFA (Europe),normal,UEFA Champions League Women,pin88,2022-12-16,units,1,3.0981404958677685,3.0981404958677685,,3.4958677685950414,1.128376125375125
Vietnam vs. Philippines,Football,ah,home,International,normal,International Friendly,pin88,2022-12-14,units,1,1.0330578512396695,1.0330578512396695,,-1.0330578512396695,-1.0
Vietnam vs. Philippines,Football (Half Time),ah,home,International,normal,International Friendly,sharp,2022-12-14,units,1,1.0330578512396695,0.5165289256198348,,-0.5175619834710744,-1.002
Wales vs. Iran,Football,ah,away,International world cup,normal,FIFA World Cup,sbo,2022-11-25,units,1,6.196280991735537,6.196280991735537,,5.850206611570248,0.9441480493497832
Wales vs. Iran,Football,ah,home,International world cup,normal,FIFA World Cup,pin88,2022-11-25,units,1,6.196280991735537,6.196280991735537,,-6.196280991735537,-1.0
Waterhouse FC vs. Arnett Gardens FC,Football,1x2,n/a,Jamaica,normal,Jamaica National Premier League (Digicel League),smk,2022-11-06,units,2,5.06095041322314,5.06095041322314,,4.240702479338843,0.8379261073688509
Waterhouse FC vs. Arnett Gardens FC,Football (Half Time),1x2,n/a,Jamaica,normal,Jamaica National Premier League (Digicel League),fair,2022-11-06,units,1,1.0330578512396695,1.0330578512396695,,2.4225206611570247,2.3449999999999998
Western Sydney Wanderers FC vs. Everton,Football,ah,home,International,normal,Club Friendly,isn,2022-11-23,units,1,3.0578512396694215,3.0578512396694215,,-3.0578512396694215,-1.0
Western Sydney Wanderers FC vs. Everton,Football,ahou,over,International,normal,Club Friendly,isn,2022-11-23,units,1,2.066115702479339,2.066115702479339,,2.1549586776859506,1.043
Western Sydney Wanderers FC vs. Everton,Football,taou,over,International,normal,Club Friendly,pin88,2022-11-23,units,2,4.132231404958678,4.132231404958678,,4.582644628099174,1.1090000000000002
Wieczysta Krakow vs. NKP Podhale Nowy Targ,Football,ah,home,Poland,normal,Poland 3. Liga,pin88,2022-11-12,units,1,2.0640495867768593,2.0640495867768593,,1.5392561983471076,0.7457457457457458
Wieczysta Krakow vs. NKP Podhale Nowy Targ,Football,taou,over,Poland,normal,Poland 3. Liga,pin88,2022-11-12,units,1,1.0330578512396695,1.0330578512396695,,1.0010330578512396,0.969
Wuhan Three Towns vs. Zhejiang Professional FC,Football,ah,away,China,normal,China Super League,fair,2022-12-27,units,2,0.25206611570247933,0.25206611570247933,,-0.25206611570247933,-1.0
Wuhan Three Towns vs. Zhejiang Professional FC,Football,ah,away,China,normal,China Super League,isn,2022-12-27,units,4,6.818181818181818,6.818181818181818,,-6.818181818181818,-1.0
Wuhan Three Towns vs. Zhejiang Professional FC,Football,ah,home,China,normal,China Super League,fair,2022-12-27,units,1,0.21694214876033058,0.21694214876033058,,0.1756198347107438,0.8095238095238095
Wuhan Three Towns vs. Zhejiang Professional FC,Football,ah,home,China,normal,China Super League,isn,2022-12-27,units,2,9.059917355371901,9.059917355371901,,8.00413223140496,0.8834663625997718
Wuhan Three Towns vs. Zhejiang Professional FC,Football,ah,home,China,normal,China Super League,pin88,2022-12-27,units,1,1.4669421487603307,1.4669421487603307,,1.1818181818181819,0.8056338028169013
Wuhan Three Towns vs. Zhejiang Professional FC,Football,ah,n/a,China,normal,China Super League,fair,2022-12-27,units,3,3.459710743801653,3.459710743801653,,-2.7727272727272725,-0.8014332636607943
Wuhan Three Towns vs. Zhejiang Professional FC,Football,ahou,under,China,normal,China Super League,bdaq,2022-12-27,units,4,4.901859504132231,0.0,,0.0,
Wuhan Three Towns vs. Zhejiang Professional FC,Football,ahou,under,China,normal,China Super League,fair,2022-12-27,units,1,0.7737603305785123,0.0,,0.0,
Wuhan Three Towns vs. Zhejiang Professional FC,Football (Half Time),1x2,n/a,China,normal,China Super League,fair,2022-12-27,units,2,0.9824380165289257,0.9824380165289257,,-0.9824380165289257,-1.0
Xinjiang Tianshan Leopard vs. Beijing BIT,Football,ah,away,China,normal,China Division 1 (Jia League),ibc,2022-12-07,units,2,3.09297520661157,3.09297520661157,,-1.240702479338843,-0.4011356045424182
Xinjiang Tianshan Leopard vs. Beijing BIT,Football,ah,away,China,normal,China Division 1 (Jia League),pin88,2022-12-07,units,1,4.131198347107438,4.131198347107438,,3.0330578512396693,0.7341835458864716
Xinjiang Tianshan Leopard vs. Beijing BIT,Football,ah,home,China,normal,China Division 1 (Jia League),pin88,2022-12-07,units,1,7.229338842975206,0.0,,0.0,
Xinjiang Tianshan Leopard vs. Beijing BIT,Football,ahou,over,China,normal,China Division 1 (Jia League),ibc,2022-12-07,units,5,3.09297520661157,3.09297520661157,,-3.09297520661157,-1.0
Xinjiang Tianshan Leopard vs. Beijing BIT,Football,taou,over,China,normal,China Division 1 (Jia League),pin88,2022-12-07,units,3,5.162190082644628,5.162190082644628,,-3.381198347107438,-0.6549929957974785
Xinjiang Tianshan Leopard vs. Liaoning Shenyang Urban,Football,ahou,over,China,normal,China Division 1 (Jia League),fair,2022-11-20,units,1,2.0640495867768593,1.0320247933884297,,-1.0330578512396695,-1.001001001001001
Xinjiang Tianshan Leopard vs. Qingdao Hainiu,Football,ou,under,China,normal,China Division 1 (Jia League),fair,2022-11-28,units,1,1.0309917355371903,1.0309917355371903,,1.4607438016528926,1.4168336673346693
Yadanarbon FC vs. Yangon United FC,Football,ahou,over,Myanmar,normal,Myanmar National League,fair,2022-11-07,units,1,2.066115702479339,2.066115702479339,,2.22004132231405,1.0745
Yadanarbon FC vs. Yangon United FC,Football,ahou,over,Myanmar,normal,Myanmar National League,pin88,2022-11-07,units,1,2.066115702479339,2.066115702479339,,1.7954545454545456,0.869
Yadanarbon FC vs. Yangon United FC,Football,score,n/a,Myanmar,normal,Myanmar National League,fair,2022-11-07,units,1,0.5041322314049587,0.5041322314049587,,1.8326446280991735,3.635245901639344
Yadanarbon FC vs. Yangon United FC,Football,score,n/a,Myanmar,normal,Myanmar National League,smk,2022-11-07,units,1,1.0330578512396695,1.0330578512396695,,1.9090909090909092,1.8479999999999999
Yokohama F Marinos vs. Roma,Football,ahou,over,International,normal,Club Friendly,isn,2022-11-28,units,2,3.0991735537190084,3.0991735537190084,,2.840909090909091,0.9166666666666666
Young Challengers vs. Bangalore Dream United,Football,1x2,n/a,India,normal,India Bangalore Super Division,fair,2022-11-23,units,1,0.5165289256198348,0.5165289256198348,,2.8264462809917354,5.4719999999999995
Youngmen SC vs. City FC New Delhi,Football,ahou,over,India,normal,India Delhi Football League,pin88,2022-11-04,units,2,3.0991735537190084,3.0991735537190084,,-3.0991735537190084,-1.0
Youngmen SC vs. City FC New Delhi,Football,taou,over,India,normal,India Delhi Football League,pin88,2022-11-04,units,1,1.0330578512396695,1.0330578512396695,,-1.0330578512396695,-1.0
Zejtun Corinthians FC vs. Melita FC,Football,taou,over,Malta,normal,Malta Challenge League,pin88,2022-11-06,units,1,4.131198347107438,4.131198347107438,,-4.131198347107438,-1.0
Zhejiang Guangsha Lions vs. Ningbo Rockets,Basketball,ah,away,China,normal,China Basketball Association (CBA),pin88,2022-12-07,units,2,2.065082644628099,2.065082644628099,,-2.065082644628099,-1.0
Zhejiang Guangsha Lions vs. Ningbo Rockets,Basketball,ah,home,China,normal,China Basketball Association (CBA),ibc,2022-12-07,units,1,2.0619834710743805,2.0619834710743805,,1.7861570247933884,0.8662324649298596
Zhejiang Guangsha Lions vs. Ningbo Rockets,Basketball,ahou,over,China,normal,China Basketball Association (CBA),ibc,2022-12-07,units,1,2.0619834710743805,2.0619834710743805,,-2.0619834710743805,-1.0
Zhejiang Guangsha Lions vs. Ningbo Rockets,Basketball,ahou,over,China,normal,China Basketball Association (CBA),pin88,2022-12-07,units,1,2.066115702479339,2.066115702479339,,-2.066115702479339,-1.0
Zhejiang Professional FC vs. Cangzhou Mighty Lions FC,Football,ah,away,China,normal,China Super League,sharp,2022-11-13,units,2,6.198347107438017,6.198347107438017,,6.06198347107438,0.978
Zhejiang Professional FC vs. Cangzhou Mighty Lions FC,Football,ah,home,China,normal,China Super League,pin88,2022-11-13,units,1,6.196280991735537,6.196280991735537,,-6.196280991735537,-1.0
Zhejiang Professional FC vs. Guangzhou City FC,Football,ahou,under,China,normal,China FA Cup,ibc,2022-12-19,units,1,3.614669421487603,3.614669421487603,,2.915289256198347,0.8065161474707059
Zhuhai Qinao vs. Jiangxi Dark Horse Junior,Football,1x2,n/a,China,normal,China Division 2 (Yi League),pin88,2022-11-09,units,1,1.0330578512396695,1.0330578512396695,,-1.0330578512396695,-1.0
Zhuhai Qinao vs. Jiangxi Dark Horse Junior,Football,ah,away,China,normal,China Division 2 (Yi League),pin88,2022-11-09,units,1,1.0330578512396695,0.0,,0.0,
Znamya Noginsk vs. Dynamo-Vladivostok,Football,1x2,n/a,Russian Federation,normal,Russia Division 2 (PFL),ibc,2022-11-10,units,1,0.5216942148760331,0.5216942148760331,,-0.5216942148760331,-1.0
Znamya Noginsk vs. Dynamo-Vladivostok,Football,ahou,over,Russian Federation,normal,Russia Division 2 (PFL),ibc,2022-11-10,units,6,6.18595041322314,6.18595041322314,,5.7902892561983474,0.9360387441549767
ŠK Odeva Lipany vs. Slavia TU Kosice,Football (Half Time),1x2,n/a,Slovakia (Slovak Republic),normal,Slovakia 3. Liga,fair,2022-11-16,units,1,2.066115702479339,2.066115702479339,,-2.066115702479339,-1.0
ŽP ŠPORT Podbrezová vs. Wisła Płock,Football,ahou,over,International,normal,Club Friendly,pin88,2022-11-25,units,3,5.1652892561983474,3.0991735537190084,,2.6146694214876036,0.8436666666666668
ŽP ŠPORT Podbrezová vs. Wisła Płock,Football,taou,over,International,normal,Club Friendly,pin88,2022-11-25,units,1,1.0330578512396695,1.0330578512396695,,1.7448347107438018,1.689
